"elementor-widget-container href","attachment-medium src","elementor-heading-title","elementor-heading-title 2","elementor-heading-title href"
"https://2txt.de/","https://ki-verband.de/wp-content/uploads/2025/11/2txt-300x300.png","Retail & Commerce","2txt – natural language generation GmbH","https://2txt.de/"
"https://www.5plus.ai/","https://ki-verband.de/wp-content/uploads/2025/11/5plus_gmbh-300x300.png","Product & Process Development","5Plus GmbH","https://www.5plus.ai/"
"https://7learnings.com/","https://ki-verband.de/wp-content/uploads/2025/11/7learnings_gmbh-300x300.png",", ,","Market Research & Insights","https://7learnings.com/"
"https://www.85digital.de/","https://ki-verband.de/wp-content/uploads/2026/04/Logos-Website-8-300x300.png","AI Techstack","85digital GmbH & Co. KG","https://www.85digital.de/"
"https://99bots.de/","https://ki-verband.de/wp-content/uploads/2025/11/99bots_gmbh-300x300.png","AI Techstack","99BOTS GmbH","https://99bots.de/"
"https://absolute-scale.ai/","https://ki-verband.de/wp-content/uploads/2025/11/absolute_scale_gmbh-300x300.png","Contentgenerierung (Text & Bild)","absolute scale GmbH","https://absolute-scale.ai/"
"https://www.academy4.ai/","https://ki-verband.de/wp-content/uploads/2025/11/academy4_ai-300x300.png","Research & Education","academy4.ai®","https://www.academy4.ai/"
"https://www.acadeo.ai/","https://ki-verband.de/wp-content/uploads/2025/11/acadeo_gmbh-300x300.png","Research & Education","Acadeo GmbH","https://www.acadeo.ai/"
"https://accso.de/","https://ki-verband.de/wp-content/uploads/2026/04/Logos-Website-12-300x300.png","Accso – Accelerated Solutions GmbH","","https://accso.de/"
"https://www.actfort.com/","https://ki-verband.de/wp-content/uploads/2025/11/actfort_gmbh-300x300.png","Consulting","actfort GmbH","https://www.actfort.com/"
"https://www.adacor.com/","https://ki-verband.de/wp-content/uploads/2025/11/adacor-300x300.png","AI Techstack","Adacor Hosting GmbH","https://www.adacor.com/"
"https://adam-ai.com/","https://ki-verband.de/wp-content/uploads/2025/11/adam_ki-300x300.png","AI Techstack","Adam GmbH","https://adam-ai.com/"
"https://www.adspert.net/","https://ki-verband.de/wp-content/uploads/2025/11/adspert-300x300.png","Sales & Marketing","Adspert GmbH","https://www.adspert.net/"
"https://acceleraid.ai/","https://ki-verband.de/wp-content/uploads/2025/11/adtelligence-300x300.png","Computer Software","Adtelligence GmbH","https://acceleraid.ai/"
"https://advisori.de/","https://ki-verband.de/wp-content/uploads/2026/03/Logos-Website-15-300x300.png","IT & Security","ADVISORI FTC GmbH","https://advisori.de/"
"https://aiconsult.group/","https://ki-verband.de/wp-content/uploads/2026/03/Logos-Website-33-300x300.png","Consulting","AI CONSULT GmbH","https://aiconsult.group/"
"https://aihealthsystems.de/","https://ki-verband.de/wp-content/uploads/2025/11/ai_health_systems_gmbh-300x300.png","Healthcare & Life Sciences","AI Health Systems GmbH","https://aihealthsystems.de/"
"https://www.ki-marktplatz.com/","https://ki-verband.de/wp-content/uploads/2025/11/ai_marketplace_gmbh-300x300.png","Product & Process Development","AI Marketplace GmbH","https://www.ki-marktplatz.com/"
"https://www.ainetzwerk.de/","https://ki-verband.de/wp-content/uploads/2025/11/ai_netzwerk_dach-300x300.png","Sonstiges","AI Netzwerk DACH","https://www.ainetzwerk.de/"
"https://ai-prosolution.com/","https://ki-verband.de/wp-content/uploads/2025/11/ai_pro_solution_ug-300x300.png","Company Builder & Ökosystem","ai Pro Solution UG (haftungsbeschränkt)","https://ai-prosolution.com/"
"https://www.aishepherds.com/de/home-page-deutsch/","https://ki-verband.de/wp-content/uploads/2025/11/ai_shepherd-300x300.png","Transport & Mobility","AI Shepherds GmbH","https://www.aishepherds.com/de/home-page-deutsch/"
"https://www.aistrategyinstitute.com/","https://ki-verband.de/wp-content/uploads/2025/11/ai_strategy_institute-300x300.png","Consulting","AI Strategy Institute","https://www.aistrategyinstitute.com/"
"https://aisuperior.com/","https://ki-verband.de/wp-content/uploads/2025/11/ai_superioir-300x300.png","IT & Security","AI Superior GmbH","https://aisuperior.com/"
"https://www.ai-tc.de/","https://ki-verband.de/wp-content/uploads/2026/04/Logos-Website-3-300x300.png","AI Techstack","AI Techno Center GmbH","https://www.ai-tc.de/"
"https://aiti.ai/","https://ki-verband.de/wp-content/uploads/2025/11/ai_transformation_institut-300x300.png","Consulting","AI Transformation Institute (SCP.AI GmbH)","https://aiti.ai/"
"https://www.ai-omatic.com/","https://ki-verband.de/wp-content/uploads/2025/11/ai_omatic_solutions-300x300.png",",","AI & Machine Learning","https://www.ai-omatic.com/"
"https://aidopt.eu/","https://ki-verband.de/wp-content/uploads/2025/11/ai.dopt-300x300.png","AI & Machine Learning","ai.dopt GmbH","https://aidopt.eu/"
"https://aiworx.ai/","https://ki-verband.de/wp-content/uploads/2025/11/ai.worx_ug-300x300.png","Consulting","Ai.Worx UG","https://aiworx.ai/"
"https://ai2connect-do.com/","https://ki-verband.de/wp-content/uploads/2026/03/Logos-Website-19-300x300.png","Logistics","AI2Connect GmbH","https://ai2connect-do.com/"
"https://aicentive.com/","https://ki-verband.de/wp-content/uploads/2025/11/aicentive-300x300.png","Consulting","AiCentive GmbH","https://aicentive.com/"
"https://www.aiconix.ai/","https://ki-verband.de/wp-content/uploads/2025/11/aiconix-300x300.png",",","AI Techstack","https://www.aiconix.ai/"
"https://www.aicx.de/","https://ki-verband.de/wp-content/uploads/2025/11/aicx._gmbh-300x300.png","AI Techstack","aicx. GmbH","https://www.aicx.de/"
"https://www.aiio.de/","https://ki-verband.de/wp-content/uploads/2025/11/aiio_gmbh-300x300.png","AI Techstack","aiio GmbH","https://www.aiio.de/"
"https://www.aimpower.ai/","https://ki-verband.de/wp-content/uploads/2025/11/aimpower-300x300.png",",","Research & Education","https://www.aimpower.ai/"
"https://www.ainovate.com/","https://ki-verband.de/wp-content/uploads/2025/11/ainovate-300x300.png","Data & Analytics","Ainovate GmbH","https://www.ainovate.com/"
"https://aiqube.com/","https://ki-verband.de/wp-content/uploads/2025/11/aiqube_gmbh-300x300.png","Consulting","AIQube GmbH","https://aiqube.com/"
"https://aitad.de/","https://ki-verband.de/wp-content/uploads/2025/11/aitad-300x300.png","Product & Process Development","AITAD GmbH","https://aitad.de/"
"https://www.aixbrain.de/","https://ki-verband.de/wp-content/uploads/2026/03/Logos-Website-37-300x300.png","AI Techstack","aiXbrain GmbH","https://www.aixbrain.de/"
"https://www.aixioom.ai/","https://ki-verband.de/wp-content/uploads/2025/11/aixioom-300x300.png",",","Consulting","https://www.aixioom.ai/"
"https://aleph-alpha.de/index.html?language=de","https://ki-verband.de/wp-content/uploads/2025/11/aleph_alpha-300x300.png","IT & Security","Aleph Alpha GmbH","https://aleph-alpha.de/index.html?language=de"
"https://www.alexanderthamm.com/de/","https://ki-verband.de/wp-content/uploads/2025/11/Logos-Website-10-300x300.png","Consulting","Alexander Thamm GmbH","https://www.alexanderthamm.com/de/"
"https://www.alfa-ai.com/","https://ki-verband.de/wp-content/uploads/2025/11/alfa_ai-300x300.png","Healthcare & Life Sciences","ALFA AI GmbH","https://www.alfa-ai.com/"
"http://www.allex.ai/ai","https://ki-verband.de/wp-content/uploads/2025/11/allex_projects_gmbh-300x300.png","AI Techstack","Allex Projects GmbH","http://www.allex.ai/ai"
"https://alpha-analytics.de/","https://ki-verband.de/wp-content/uploads/2025/11/alphapeech-300x300.png","AI Techstack","Alpha Analytics","https://alpha-analytics.de/"
"https://alphaspeech.de/","https://ki-verband.de/wp-content/uploads/2025/11/alpha_analytics-300x300.png","AI Techstack","alphaspeech (alpha NT GmbH)","https://alphaspeech.de/"
"https://www.alphos-services.com/","https://ki-verband.de/wp-content/uploads/2025/11/alphos_services-300x300.png","Data & Analytics","Alphos-Services","https://www.alphos-services.com/"
"https://am.ai/","https://ki-verband.de/wp-content/uploads/2025/11/Logos-Website-11-300x300.png",",","Consulting","https://am.ai/"
"https://ambersearch.de/","https://ki-verband.de/wp-content/uploads/2025/11/amberoad-300x300.png",",","Customer Service","https://ambersearch.de/"
"https://www.ambrosys.de/","https://ki-verband.de/wp-content/uploads/2025/11/ambrosys-300x300.png","Research & Education","Ambrosys GmbH","https://www.ambrosys.de/"
"https://www.ameria.com/","https://ki-verband.de/wp-content/uploads/2025/11/ameria_ag-300x300.png","IT & Security","AMERIA AG","https://www.ameria.com/"
"https://www.amexis.io/","https://ki-verband.de/wp-content/uploads/2025/11/amexis-300x300.png","Manufacturing","AMEXIS GmbH","https://www.amexis.io/"
"https://amidiro.com/","https://ki-verband.de/wp-content/uploads/2025/11/amidiro_gmbh-300x300.png","Computer Software","amidiro GmbH","https://amidiro.com/"
"https://www.ankercloud.com/","https://ki-verband.de/wp-content/uploads/2025/11/ankercloud_gmbh.png",",","AI Techstack","https://www.ankercloud.com/"
"https://aonic.de/","https://ki-verband.de/wp-content/uploads/2025/11/aonic_gmbh-300x297.png","IT & Security","AONIC GmbH","https://aonic.de/"
"https://www.app-logik.de/","https://ki-verband.de/wp-content/uploads/2025/11/app_logik_gmbh-300x300.png","Data & Analytics","App Logik GmbH","https://www.app-logik.de/"
"https://www.getventa.ai/","https://ki-verband.de/wp-content/uploads/2025/11/april.eleven_gmbh-300x300.png","Sales & Marketing","april.eleven GmbH","https://www.getventa.ai/"
"https://aristander.ai/","https://ki-verband.de/wp-content/uploads/2025/11/aristander_ai-300x300.png","Data & Analytics","Aristander.AI","https://aristander.ai/"
"https://www.artefact.com/de/","https://ki-verband.de/wp-content/uploads/2025/11/artefakt_germany-300x300.png","Consulting","Artefact Germany GmbH","https://www.artefact.com/de/"
"https://www.artiquare.com/","https://ki-verband.de/wp-content/uploads/2025/11/artiquare_gmbh-300x300.png","Product & Process Development","artiquare GmbH","https://www.artiquare.com/"
"https://arttacsolutions.de/","https://ki-verband.de/wp-content/uploads/2025/11/arttac_solutions_gmbh-300x300.png","Data & Analytics","arttac solutions GmbH","https://arttacsolutions.de/"
"https://www.askbrian.ai/","https://ki-verband.de/wp-content/uploads/2025/11/askbrian-300x300.png","Product & Process Development","AskBrian GmbH","https://www.askbrian.ai/"
"https://www.askui.com/","https://ki-verband.de/wp-content/uploads/2025/11/askui-300x300.png","Product & Process Development","AskUI","https://www.askui.com/"
"https://www.audavis.ai/","https://ki-verband.de/wp-content/uploads/2025/11/audavis_gmbh-300x300.png","Finance & Insurance","Audavis GmbH","https://www.audavis.ai/"
"https://www.audeering.com/","https://ki-verband.de/wp-content/uploads/2025/11/audeering-300x300.png","Data & Analytics","audEERING GmbH","https://www.audeering.com/"
"https://aurismatic.com/","https://ki-verband.de/wp-content/uploads/2025/11/aurismatic_gmbh-300x300.png","AI Techstack","aurismatic GmbH","https://aurismatic.com/"
"https://www.auryal.com/","https://ki-verband.de/wp-content/uploads/2025/11/auryal-300x300.png","AI Techstack","AURYAL","https://www.auryal.com/"
"https://www.automaited.com/","https://ki-verband.de/wp-content/uploads/2025/11/automaited-300x300.png","Data & Analytics","automaited (aiConomix GmbH)","https://www.automaited.com/"
"https://www.automatiq-synergies.de/","https://ki-verband.de/wp-content/uploads/2026/03/Logos-Website-4-300x300.png","AI Techstack","AutomatIQ Synergies GmbH","https://www.automatiq-synergies.de/"
"https://www.avameo.de/","https://ki-verband.de/wp-content/uploads/2025/11/avameo-300x300.png","IT & Security","avameo","https://www.avameo.de/"
"https://www.axioconcept.com/","https://ki-verband.de/wp-content/uploads/2025/11/axio_concept-300x300.png",",","Consulting","https://www.axioconcept.com/"
"https://www.btelligent.com/","https://ki-verband.de/wp-content/uploads/2025/11/b.telligent_deutschland-300x300.png","Consulting","b.telligent Deutschland GmbH","https://www.btelligent.com/"
"https://baitechdata.de/","https://ki-verband.de/wp-content/uploads/2025/11/baitech-300x300.png",", ,","Logistics","https://baitechdata.de/"
"https://bakedwith.com/","https://ki-verband.de/wp-content/uploads/2026/03/Logos-Website-9-300x300.png","Consulting","bakedwith GmbH","https://bakedwith.com/"
"https://www.bartzundbartz.de/","https://ki-verband.de/wp-content/uploads/2025/11/bartz_und_bartz-300x300.png","Consulting","Bartz & Bartz GmbH","https://www.bartzundbartz.de/"
"https://basebox.ai/","https://ki-verband.de/wp-content/uploads/2025/11/basebox-300x300.png","AI Techstack","basebox GmbH","https://basebox.ai/"
"https://bavmind.com/","https://ki-verband.de/wp-content/uploads/2026/03/Logos-Website-39-300x300.png","Product & Process Development","BavMind UG (haftungsbeschränkt)","https://bavmind.com/"
"https://beansandbytes.de/","https://ki-verband.de/wp-content/uploads/2025/11/beansandbytes-300x300.png","Consulting","beansandbytes GmbH","https://beansandbytes.de/"
"https://www.beebucket.ai/","https://ki-verband.de/wp-content/uploads/2025/11/beebucket-300x300.png","Sales & Marketing","beebucket GmbH","https://www.beebucket.ai/"
"https://www.benthos.ai/","https://ki-verband.de/wp-content/uploads/2026/03/Logos-Website-43-300x300.png","Sonstiges","Benthos gGmbH","https://www.benthos.ai/"
"https://bcxp.de/","https://ki-verband.de/wp-content/uploads/2025/11/bettercall_paul-300x300.png",",","Consulting","https://bcxp.de/"
"https://www.birdsonmars.com/","https://ki-verband.de/wp-content/uploads/2025/11/birds_on_mars-300x300.png","Consulting","Birds on Mars GmbH","https://www.birdsonmars.com/"
"https://blackforestlabs.ai/","https://ki-verband.de/wp-content/uploads/2025/11/black_forest_labs-300x300.png","AI Techstack","Black Forest Labs","https://blackforestlabs.ai/"
"https://blockbrain.ai/","https://ki-verband.de/wp-content/uploads/2026/04/Logos-Website-5-300x300.png","Blockbrain GmbH","","https://blockbrain.ai/"
"https://www.bluesolve.ai/contact","https://ki-verband.de/wp-content/uploads/2025/11/bluesolve-300x300.png","IT & Security","bluesolve","https://www.bluesolve.ai/contact"
"https://bots4you.de/","https://ki-verband.de/wp-content/uploads/2025/11/bots4you-300x300.png",",","Customer Service","https://bots4you.de/"
"https://www.ck-holding.de/","https://ki-verband.de/wp-content/uploads/2025/11/brainbox_gmbh-300x300.png","AI Techstack","Brainbox GmbH","https://www.ck-holding.de/"
"https://branchly.io/","https://ki-verband.de/wp-content/uploads/2025/11/branchly-300x300.png","IT & Security","branchly GmbH","https://branchly.io/"
"https://www.brayn.io/","https://ki-verband.de/wp-content/uploads/2025/11/brayn.io_gmbh-300x300.png","IT & Security","brayn.io GmbH","https://www.brayn.io/"
"https://www.breos.com/","https://ki-verband.de/wp-content/uploads/2025/11/breos-300x300.png",",","Data & Analytics","https://www.breos.com/"
"https://www.brighter.ai/","https://ki-verband.de/wp-content/uploads/2025/11/Logos-Website-12-300x300.png",",","Data & Analytics","https://www.brighter.ai/"
"https://briteloom.ai/","https://ki-verband.de/wp-content/uploads/2026/03/Logos-Website-21-300x300.png","Sonstiges","BriteLoom GmbH","https://briteloom.ai/"
"https://www.bsmart-ai.de/","https://ki-verband.de/wp-content/uploads/2026/03/BSMAR_AI-300x300.png","Product & Process Development","BSMART AI","https://www.bsmart-ai.de/"
"https://buildsimple.com/","https://ki-verband.de/wp-content/uploads/2025/11/buildsimple-300x300.png","Product & Process Development","Buildsimple (eingetr. als ISR Information Products)","https://buildsimple.com/"
"https://www.cadnetwork.de/","https://ki-verband.de/wp-content/uploads/2025/11/cadnetwork_gmbh.png","AI Techstack","CADnetwork GmbH","https://www.cadnetwork.de/"
"https://www.caidera.ai/","https://ki-verband.de/wp-content/uploads/2026/03/Logos-Website-48-300x300.png","Healthcare & Life Sciences","Caidera GmbH","https://www.caidera.ai/"
"https://calvin-risk.com/","https://ki-verband.de/wp-content/uploads/2025/11/calvin_risk-300x300.png","Product & Process Development","Calvin Risk AG","https://calvin-risk.com/"
"https://www.cambrion.ai/","https://ki-verband.de/wp-content/uploads/2025/11/cambrion_gmbh-300x300.png","AI Techstack","Cambrion GmbH","https://www.cambrion.ai/"
"https://www.cancom.de/loesungen/it-themen/ai-loesungen/","https://ki-verband.de/wp-content/uploads/2026/03/Logos-Website-12-300x300.png","IT & Security","CANCOM GmbH","https://www.cancom.de/loesungen/it-themen/ai-loesungen/"
"https://casablanca.ai/","https://ki-verband.de/wp-content/uploads/2025/11/casablance_ai-300x300.png",",","Customer Service","https://casablanca.ai/"
"https://www.cauliflower.ai/","https://ki-verband.de/wp-content/uploads/2025/11/cauliflower-300x300.png",",","Data & Analytics","https://www.cauliflower.ai/"
"https://cerpro.io/","https://ki-verband.de/wp-content/uploads/2026/03/Logos-Website-16-300x300.png","Manufacturing","Cerpro GmbH","https://cerpro.io/"
"https://www.getcertif.ai/","https://ki-verband.de/wp-content/uploads/2025/11/certif_ai_gmbh-300x300.png","Testing & Certification of AI Products","Certif.AI GmbH","https://www.getcertif.ai/"
"https://circovision.com/","https://ki-verband.de/wp-content/uploads/2025/11/circovision-300x300.png",", ,","Agriculture & Environment","https://circovision.com/"
"https://www.circus-group.com/","https://ki-verband.de/wp-content/uploads/2025/11/circus_se-300x300.png","Robotics","Circus SE","https://www.circus-group.com/"
"https://www.clinomic.ai/","https://ki-verband.de/wp-content/uploads/2025/11/clinomic-296x300.png",",","Customer Service","https://www.clinomic.ai/"
"https://www.cloudflight.io/","https://ki-verband.de/wp-content/uploads/2025/11/cloudflight-300x300.png",",","Customer Service","https://www.cloudflight.io/"
"https://www.cloudpal.ai/","https://ki-verband.de/wp-content/uploads/2026/03/Logos-Website-27-300x300.png","AI Techstack","CloudPal (Pico Ventures GmbH)","https://www.cloudpal.ai/"
"https://cloudsupplies.de/","https://ki-verband.de/wp-content/uploads/2025/11/cloudsupplies-300x300.png",",","Consulting","https://cloudsupplies.de/"
"https://www.coac.de/","https://ki-verband.de/wp-content/uploads/2026/03/Logos-Website-8-300x300.png","Manufacturing","coac GmbH","https://www.coac.de/"
"https://coachbot.ai/","https://ki-verband.de/wp-content/uploads/2025/11/coachbot_ai-300x300.png","Sonstiges","Coachbot AI GmbH","https://coachbot.ai/"
"https://codesphere.com/","https://ki-verband.de/wp-content/uploads/2025/11/codesphere_gmbh-300x300.png","IT & Security","Codesphere GmbH","https://codesphere.com/"
"https://www.cogitaris.de/","https://ki-verband.de/wp-content/uploads/2025/11/cogitaris-300x300.png",", ,","Customer Service","https://www.cogitaris.de/"
"https://collect.ai/","https://ki-verband.de/wp-content/uploads/2025/11/collect_ai-300x300.png",",","Data & Analytics","https://collect.ai/"
"https://www.collectivemind.de/","https://ki-verband.de/wp-content/uploads/2025/11/collective_mind-300x300.png","AI Techstack","collective mind GmbH","https://www.collectivemind.de/"
"http://www.comeco.com/","https://ki-verband.de/wp-content/uploads/2025/11/comeco_gmbh_und_co_kg-300x300.png","Sonstiges","COMECO GmbH & Co. KG","http://www.comeco.com/"
"https://www.comevis.com/","https://ki-verband.de/wp-content/uploads/2025/11/comevis-300x300.png","Sales & Marketing","comevis GmbH & Co. KG","https://www.comevis.com/"
"https://comma-soft.com/","https://ki-verband.de/wp-content/uploads/2025/11/comma_soft_ag-300x300.png","Computer Software","Comma Soft AG","https://comma-soft.com/"
"https://www.companymind.de/","https://ki-verband.de/wp-content/uploads/2025/11/companymind-300x300.png",",","Consulting","https://www.companymind.de/"
"https://www.competence4.media/de/homede/","https://ki-verband.de/wp-content/uploads/2025/11/competence4_gmbh-300x300.png","Product & Process Development","competence4 GmbH","https://www.competence4.media/de/homede/"
"https://www.complero.com/","https://ki-verband.de/wp-content/uploads/2025/11/complero-300x300.png","Customer Service","Complero GmbH","https://www.complero.com/"
"https://connectivisten.de/","https://ki-verband.de/wp-content/uploads/2025/11/connectivisten-300x300.png","IT & Security","CONNECTIVISTEN GmbH","https://connectivisten.de/"
"https://www.consultor.de/","https://ki-verband.de/wp-content/uploads/2025/11/consultor_unternehmensberatungs_gmbh-300x300.png","Consulting","Consultor Unternehmensberatungs-GmbH","https://www.consultor.de/"
"https://www.controlexpert.com/","https://ki-verband.de/wp-content/uploads/2025/11/controlexpert_gmbh-300x300.png","Finance & Insurance","ControlExpert GmbH","https://www.controlexpert.com/"
"https://www.conventic.com/","https://ki-verband.de/wp-content/uploads/2025/11/conventic_gmbh-300x300.png","IT & Security","conventic GmbH","https://www.conventic.com/"
"https://www.cortea.ai/de","https://ki-verband.de/wp-content/uploads/2025/11/cortea_ai-300x300.png","IT & Security","Cortea AI","https://www.cortea.ai/de"
"https://www.covisionlab.com/","https://ki-verband.de/wp-content/uploads/2025/11/covision_lab-300x300.png",",","Consulting","https://www.covisionlab.com/"
"https://curiosity.ai/","https://ki-verband.de/wp-content/uploads/2025/11/curiosity-300x300.png","AI Techstack","Curiosity","https://curiosity.ai/"
"https://cynefy.com/","https://ki-verband.de/wp-content/uploads/2025/11/cynefy-300x300.png","Consulting","CYNEFY GmbH","https://cynefy.com/"
"https://d3-data.com/","https://ki-verband.de/wp-content/uploads/2025/11/d3-300x300.png","Data & Analytics","D3 Data Services GmbH","https://d3-data.com/"
"http://www.dainstudios.com/","https://ki-verband.de/wp-content/uploads/2025/11/Logos-Website-13-300x300.png",",","Consulting","http://www.dainstudios.com/"
"https://damalo.ai/","https://ki-verband.de/wp-content/uploads/2026/03/Logos-Website-42-300x300.png","IT & Security","DAMALO GmbH","https://damalo.ai/"
"https://www.damedic.ai/","https://ki-verband.de/wp-content/uploads/2025/11/damedic-300x300.png","Healthcare & Life Sciences","damedic GmbH","https://www.damedic.ai/"
"https://d-hive.de/","https://ki-verband.de/wp-content/uploads/2026/04/Data-Hive-Cassel-GmbH-300x300.png","AI Techstack","Data Hive Cassel GmbH","https://d-hive.de/"
"https://www.data-max.io/","https://ki-verband.de/wp-content/uploads/2025/11/data_max_gmbh-300x300.png","Consulting","Data Max GmbH","https://www.data-max.io/"
"https://www.data-spree.com/","https://ki-verband.de/wp-content/uploads/2025/11/data_spree_gmbh-300x300.png","AI Techstack","Data Spree GmbH","https://www.data-spree.com/"
"https://dataciders.com/","https://ki-verband.de/wp-content/uploads/2025/11/dataciders-300x300.png","Consulting","Dataciders GmbH","https://dataciders.com/"
"https://www.ixto.de/","https://ki-verband.de/wp-content/uploads/2025/11/Logos-Website-14-300x300.png","Data & Analytics","Dataciders ixto GmbH","https://www.ixto.de/"
"https://www.datalovers.com/","https://ki-verband.de/wp-content/uploads/2025/11/datalovers-300x300.png","Data & Analytics","DATAlovers AG","https://www.datalovers.com/"
"https://www.dmesh.io/","https://ki-verband.de/wp-content/uploads/2025/11/datamesh-300x300.png",",","Consulting","https://www.dmesh.io/"
"https://datascientest.com/de","https://ki-verband.de/wp-content/uploads/2025/11/datascientest_germany-300x300.png","Research & Education","DataScientest Germany","https://datascientest.com/de"
"https://dataspark.de/","https://ki-verband.de/wp-content/uploads/2025/11/data_spark-300x300.png","Consulting","DataSpark GmbH","https://dataspark.de/"
"https://data-zoo.de/index.html","https://ki-verband.de/wp-content/uploads/2025/11/data_zoo-300x300.png","Data & Analytics","DataZoo GmbH","https://data-zoo.de/index.html"
"https://dcyphr.io/","https://ki-verband.de/wp-content/uploads/2025/11/dcyphr-300x300.png","IT & Security","dcyphr.®","https://dcyphr.io/"
"https://www.dealcode.ai/","https://ki-verband.de/wp-content/uploads/2025/11/dealcode-300x300.png","Sales & Marketing","Dealcode GmbH","https://www.dealcode.ai/"
"https://www.deefinity.com/","https://ki-verband.de/wp-content/uploads/2025/11/deefinity_digital_consulting_gmbh-300x300.png","Product & Process Development","Deefinity Digital Consulting GmbH","https://www.deefinity.com/"
"https://www.deeparteffects.com/","https://ki-verband.de/wp-content/uploads/2025/11/Logos-Website-15-300x300.png","Media, Communication & Culture","Deep Art AI GmbH","https://www.deeparteffects.com/"
"https://www.deep5.io/","https://ki-verband.de/wp-content/uploads/2025/11/deep5-300x300.png","Consulting","Deep5 UG (haftungsbeschränkt)","https://www.deep5.io/"
"https://deeping.de/","https://ki-verband.de/wp-content/uploads/2025/11/deeping-300x300.png","Manufacturing","deepIng business solutions GmbH","https://deeping.de/"
"https://www.deepl.com/en/translator","https://ki-verband.de/wp-content/uploads/2025/11/deepl_se-300x300.png","Sonstiges","DeepL SE","https://www.deepl.com/en/translator"
"https://www.deeplair.com/","https://ki-verband.de/wp-content/uploads/2025/11/deeplair_gmbh-300x300.png","Product & Process Development","deeplair GmbH","https://www.deeplair.com/"
"https://www.deeplify.de/","https://ki-verband.de/wp-content/uploads/2025/11/deeplify-300x300.png","AI Techstack","deeplify","https://www.deeplify.de/"
"https://www.deepset.ai/","https://ki-verband.de/wp-content/uploads/2025/11/deepset-300x300.png","IT & Security","deepset GmbH","https://www.deepset.ai/"
"https://www.th-deg.de/","https://ki-verband.de/wp-content/uploads/2025/11/deggendorf-300x300.png","Research & Education","Deggendorf Institute of Technology","https://www.th-deg.de/"
"https://www.deltia.ai/","https://ki-verband.de/wp-content/uploads/2025/11/delta.ai-300x300.png","Manufacturing","Deltia.ai","https://www.deltia.ai/"
"https://www.konver.ai/","https://ki-verband.de/wp-content/uploads/2025/11/demtek_gmbh-300x300.png","Sales & Marketing","Demtek GmbH","https://www.konver.ai/"
"https://denkweit.com/de/","https://ki-verband.de/wp-content/uploads/2025/11/denkweit_gmbh-300x300.png","AI Techstack","DENKweit GmbH","https://denkweit.com/de/"
"https://deutscheki.de/","https://ki-verband.de/wp-content/uploads/2025/11/deutscheki-294x300.png","Consulting","DeutscheKI GmbH","https://deutscheki.de/"
"https://www.deutz.com/de/","https://ki-verband.de/wp-content/uploads/2026/04/Logos-Website-9-300x300.png","Deutz AG","","https://www.deutz.com/de/"
"https://www.deyan7.de/","https://ki-verband.de/wp-content/uploads/2025/11/deyan7_gmbh_und_co._kg-300x300.png","IT & Security","Deyan7 GmbH & Co. KG","https://www.deyan7.de/"
"https://www.dgki.org/","https://ki-verband.de/wp-content/uploads/2025/11/dgki-300x300.png","Product & Process Development","DGKI Deutsche Gesellschaft für Künstliche Intelligenz mbH","https://www.dgki.org/"
"https://applydata.io/","https://ki-verband.de/wp-content/uploads/2025/11/diconium_data_gmbh-300x300.png","AI Techstack","diconium data GmbH","https://applydata.io/"
"http://www.datenschmiede.org/","https://ki-verband.de/wp-content/uploads/2025/11/dida_datenschmiede_gmbh.jpg","Product & Process Development","dida Datenschmiede GmbH","http://www.datenschmiede.org/"
"https://www.die-lautmaler.de/","https://ki-verband.de/wp-content/uploads/2025/11/lautmaler-300x300.png","IT & Security","Die Lautmaler GmbH","https://www.die-lautmaler.de/"
"https://www.digimindlabs.com/","https://ki-verband.de/wp-content/uploads/2025/11/KI-BV","Product & Process Development","Digimind GmbH","https://www.digimindlabs.com/"
"https://divis.io/","https://ki-verband.de/wp-content/uploads/2025/11/divisio-300x300.png","Product & Process Development","DIVISIO GmbH","https://divis.io/"
"https://www.getplato.co/","https://ki-verband.de/wp-content/uploads/2025/11/dm_technologies_gmbh-300x300.png","Data & Analytics","DM Technologies GmbH (Plato)","https://www.getplato.co/"
"","https://ki-verband.de/wp-content/uploads/2026/03/Logos-Website-14-300x300.png","Product & Process Development","DMKI Beteiligung UG",""
"https://dndy.de/","https://ki-verband.de/wp-content/uploads/2025/11/dndy-300x300.png","IT & Security","DNDY. Data and Design GmbH","https://dndy.de/"
"https://www.dnl.ai/","https://ki-verband.de/wp-content/uploads/2025/11/deep_neuron_lab-300x300.png","Data & Analytics","DNL Deep Neuron Lab GmbH","https://www.dnl.ai/"
"https://www.doubleslash.de/","https://ki-verband.de/wp-content/uploads/2025/11/double_slash-300x300.png","Product & Process Development","doubleSlash Net-Business GmbH","https://www.doubleslash.de/"
"https://lichtupartner.de/","https://ki-verband.de/wp-content/uploads/2025/11/dr._licht_und_partner_-_wirtschaftsjuristen.png","Consulting","Dr. Licht und Partner – Wirtschaftsjuristen","https://lichtupartner.de/"
"https://www.dymatrix.de/","https://ki-verband.de/wp-content/uploads/2025/11/dymatrix-300x300.png",",","Consulting","https://www.dymatrix.de/"
"https://www.ebenbuild.com/","https://ki-verband.de/wp-content/uploads/2025/11/KI-BV","Healthcare & Life Sciences","Ebenbuild GmbH","https://www.ebenbuild.com/"
"https://quantgeist.com/","https://ki-verband.de/wp-content/uploads/2025/11/ebenbuild-300x300.png","Data & Analytics","Eber Levich Schirmer Quantgeist GbR","https://quantgeist.com/"
"https://www.economicai.com/","https://ki-verband.de/wp-content/uploads/2025/11/economic_ai-300x300.png",", ,","Consulting","https://www.economicai.com/"
"https://www.effipy.de/","https://ki-verband.de/wp-content/uploads/2025/11/effipy-300x300.png","Product & Process Development","EffiPy","https://www.effipy.de/"
"https://www.ehrenmueller.ai/","https://ki-verband.de/wp-content/uploads/2025/11/ehrenmueller-300x300.png",",","Consulting","https://www.ehrenmueller.ai/"
"https://elevait.de/","https://ki-verband.de/wp-content/uploads/2025/11/elevait-300x300.png","IT & Security","elevait GmbH & Co. KG","https://elevait.de/"
"https://ellamind.com/","https://ki-verband.de/wp-content/uploads/2025/11/ellamind-300x300.png","AI Techstack","ellamind GmbH","https://ellamind.com/"
"https://emerge-tech.io/","https://ki-verband.de/wp-content/uploads/2025/11/emerge-300x105.png","HR & Recruiting","Emerge Tech GmbH","https://emerge-tech.io/"
"https://empion.io/","https://ki-verband.de/wp-content/uploads/2025/11/empion-300x300.png","HR & Recruiting","Empion GmbH","https://empion.io/"
"https://www.empolis.com/","https://ki-verband.de/wp-content/uploads/2024/10/Logo-Empolis-AG-300x85.png","Data & Analytics","Empolis Information Management GmbH","https://www.empolis.com/"
"https://energy-robotics.com/","https://ki-verband.de/wp-content/uploads/2025/11/energy_robotics-300x300.png",",","Logistics","https://energy-robotics.com/"
"https://speedie.io/","https://ki-verband.de/wp-content/uploads/2025/11/engaige-300x300.png","Finance & Insurance","engaige GmbH","https://speedie.io/"
"https://engenious.de/","https://ki-verband.de/wp-content/uploads/2025/11/engenious_gmbh-300x300.png","AI Techstack","engenious GmbH","https://engenious.de/"
"https://ennoia.ai/","https://ki-verband.de/wp-content/uploads/2025/11/ennoia.ai-300x300.png","Consulting","ennoia GmbH","https://ennoia.ai/"
"https://www.enter-ai.de/","https://ki-verband.de/wp-content/uploads/2025/11/enter_ai-300x300.png","Customer Service","enter ai UG (haftungsbeschränkt)","https://www.enter-ai.de/"
"https://www.eoda.de/","https://ki-verband.de/wp-content/uploads/2025/11/eoda_gmbh-300x300.png","Data & Analytics","eoda GmbH","https://www.eoda.de/"
"https://www.ginkgo-analytics.com/","https://ki-verband.de/wp-content/uploads/2025/11/KI-BV","Consulting","Eraneos Analytics Germany GmbH","https://www.ginkgo-analytics.com/"
"https://erium.de/","https://ki-verband.de/wp-content/uploads/2025/11/erium-300x300.png",",","IT & Security","https://erium.de/"
"https://www.eu-rechnung.de/","https://ki-verband.de/wp-content/uploads/2025/11/eu_rechnung-300x300.png","Product & Process Development","EU-Rechnung","https://www.eu-rechnung.de/"
"https://www.eucon.com/","https://ki-verband.de/wp-content/uploads/2025/11/eucon-300x300.png",", ,","Finance & Insurance","https://www.eucon.com/"
"https://www.evaco.de/","https://ki-verband.de/wp-content/uploads/2025/11/evaco-300x300.png","Consulting","EVACO GmbH","https://www.evaco.de/"
"https://evival.net/","https://ki-verband.de/wp-content/uploads/2026/03/Logos-Website-44-300x300.png","evival Technologies GmbH","","https://evival.net/"
"https://www.evocenta.com/","https://ki-verband.de/wp-content/uploads/2025/11/evocenta-300x300.png","AI Techstack","evocenta GmbH","https://www.evocenta.com/"
"https://www.exasol.com/de/","https://ki-verband.de/wp-content/uploads/2026/04/Logos-Website-6-300x300.png","IT & Security","Exasol AG","https://www.exasol.com/de/"
"https://www.exb.de/","https://ki-verband.de/wp-content/uploads/2025/11/exlabs_gmbh.png","Customer Service","ExB Labs GmbH","https://www.exb.de/"
"https://www.exelentic.com/","https://ki-verband.de/wp-content/uploads/2025/11/exelentic_gmbh-300x300.png","Product & Process Development","Exelentic GmbH","https://www.exelentic.com/"
"https://www.exorbyte.com/","https://ki-verband.de/wp-content/uploads/2025/11/exorbyte-300x300.png","Data & Analytics","exorbyte GmbH","https://www.exorbyte.com/"
"http://www.explorate.ai/","https://ki-verband.de/wp-content/uploads/2025/11/explorateai-300x300.png","Consulting","Explorate AI GmbH","http://www.explorate.ai/"
"https://explosion.ai/","https://ki-verband.de/wp-content/uploads/2025/11/explosionai-300x300.png",",","AI Techstack","https://explosion.ai/"
"https://fastbreak.one/","https://ki-verband.de/wp-content/uploads/2026/03/Logos-Website-46-300x300.png","Product & Process Development","Fastbreak.One GmbH","https://fastbreak.one/"
"https://www.fayotec.eu/","https://ki-verband.de/wp-content/uploads/2025/11/fayotec_gmbh-300x49.png","IT & Security","FayoTec GmbH","https://www.fayotec.eu/"
"https://www.ferret-go.com/","https://ki-verband.de/wp-content/uploads/2025/11/ferret-278x300.png","Media, Communication & Culture","ferret go GmbH","https://www.ferret-go.com/"
"https://fiasco.de/","https://ki-verband.de/wp-content/uploads/2025/11/fiasco-300x300.png","IT & Security","FIASCO GmbH","https://fiasco.de/"
"https://finception.de/","https://ki-verband.de/wp-content/uploads/2025/11/finception_gmbh-300x300.png","Data & Analytics","finception GmbH","https://finception.de/"
"https://flowcate.com/","https://ki-verband.de/wp-content/uploads/2026/04/Logos-Website-300x300.png","AI Techstack","Flowcate GmbH","https://flowcate.com/"
"https://www.floy.com/","https://ki-verband.de/wp-content/uploads/2025/11/floy-300x300.png","Healthcare & Life Sciences","Floy GmbH","https://www.floy.com/"
"https://www.fly.vc/","https://ki-verband.de/wp-content/uploads/2025/11/fly_ventures_management_gmbh.png","Finance & Insurance","Fly Ventures Management GmbH","https://www.fly.vc/"
"https://eco.fold.ai/","https://ki-verband.de/wp-content/uploads/2025/11/foldai-300x300.png","Agriculture & Environment","foldAI / Turner und Partner Data Scientists PartG","https://eco.fold.ai/"
"https://www.foresaight.ai/","https://ki-verband.de/wp-content/uploads/2025/11/foresaight.ai-300x300.png","AI Techstack","foresAIght.ai","https://www.foresaight.ai/"
"https://www.forward-marketing.de/","https://ki-verband.de/wp-content/uploads/2026/03/forward-marketing-300x300.png","Sales & Marketing","Forward Marketing GbR","https://www.forward-marketing.de/"
"https://frontnow.com/","https://ki-verband.de/wp-content/uploads/2025/11/frontnow-300x300.png","Retail & Commerce","FrontNow GmbH","https://frontnow.com/"
"https://fsd-web.de/","https://ki-verband.de/wp-content/uploads/2025/11/fsd_zentrale_stelle-300x300.png","Transport & Mobility","FSD Fahrzeugsystemdaten GmbH","https://fsd-web.de/"
"https://nulu.io/","https://ki-verband.de/wp-content/uploads/2025/11/fuseki_gmbh-300x300.png","Media, Communication & Culture","FSGU GmbH (nulu)","https://nulu.io/"
"https://fuse-ai.de/en/home/","https://ki-verband.de/wp-content/uploads/2025/11/fuse_ai-300x300.png","Healthcare & Life Sciences","FUSE-AI GmbH","https://fuse-ai.de/en/home/"
"https://www.fuseki.com/","https://ki-verband.de/wp-content/uploads/2025/11/KI-BV","Data & Analytics","fuseki GmbH","https://www.fuseki.com/"
"https://fuxlab.com/","https://ki-verband.de/wp-content/uploads/2025/11/fuxlab-300x300.png","Sales & Marketing","Fuxlab GmbH","https://fuxlab.com/"
"https://www.gauss-ml.com/","https://ki-verband.de/wp-content/uploads/2025/11/gauss_ml-300x300.png","Manufacturing","Gauss Machine Learning GmbH (GaussML)","https://www.gauss-ml.com/"
"https://www.genesiscloud.com/","https://ki-verband.de/wp-content/uploads/2025/11/genesis_cloud-300x300.png","AI Techstack","Genesis Cloud GmbH","https://www.genesiscloud.com/"
"https://www.genow.ai/","https://ki-verband.de/wp-content/uploads/2026/03/Logos-Website-26-300x300.png","AI Techstack","Genow GmbH","https://www.genow.ai/"
"https://www.geolinked.de/","https://ki-verband.de/wp-content/uploads/2025/11/geo-300x300.png","Consulting","GEOLINKED","https://www.geolinked.de/"
"https://www.get-capital.de/","https://ki-verband.de/wp-content/uploads/2025/11/get_capital_ag-300x300.png",",","Data & Analytics","https://www.get-capital.de/"
"https://www.getmika.de/","https://ki-verband.de/wp-content/uploads/2025/11/get_mika_gmbh-300x300.png","Finance & Insurance","Get Mika GmbH","https://www.getmika.de/"
"https://www.gini.net/","https://ki-verband.de/wp-content/uploads/2025/11/gini_gmbh-300x300.png","IT & Security","Gini GmbH","https://www.gini.net/"
"https://www.gmvteam.de/was/","https://ki-verband.de/wp-content/uploads/2025/11/gmvteam_gmbh-300x300.png","Retail & Commerce","gmvteam GmbH","https://www.gmvteam.de/was/"
"https://www.gocad.de/","https://ki-verband.de/wp-content/uploads/2025/11/gocad_gmbh-300x300.png","Manufacturing","goCAD GmbH","https://www.gocad.de/"
"https://gollnickdata.de/","https://ki-verband.de/wp-content/uploads/2025/11/gollnick_data-300x300.png","Research & Education","Gollnick Data Solutions","https://gollnickdata.de/"
"https://graphworks.ai/","https://ki-verband.de/wp-content/uploads/2025/11/graphworks.ai_gmbh-300x300.png","Data & Analytics","graphworks.ai GmbH","https://graphworks.ai/"
"https://www.hf-solutions.co/","https://ki-verband.de/wp-content/uploads/2025/11/hundf_solutions_gmbh-300x300.png","Consulting","H&F Solutions GmbH","https://www.hf-solutions.co/"
"https://hainzelman.com/","https://ki-verband.de/wp-content/uploads/2026/03/Logos-Website-6-300x300.png","AI Techstack","Hainzelman GmbH","https://hainzelman.com/"
"https://www.haseundigel.com/","https://ki-verband.de/wp-content/uploads/2025/11/hase_und_igel-300x300.png","Data & Analytics","HASE & IGEL GmbH","https://www.haseundigel.com/"
"https://www.heldenkombinat.com/","https://ki-verband.de/wp-content/uploads/2025/11/heldenkombinat-296x300.png",", ,","Consulting","https://www.heldenkombinat.com/"
"https://www.hiqs.de/","https://ki-verband.de/wp-content/uploads/2025/11/hiqs-296x300.png",",","Consulting","https://www.hiqs.de/"
"https://www.hitachi-solutions.de/","https://ki-verband.de/wp-content/uploads/2026/03/Logos-Website-32-300x300.png","IT & Security","Hitachi Solutions Germany GmbH","https://www.hitachi-solutions.de/"
"https://www.holocene.eu/","https://ki-verband.de/wp-content/uploads/2025/11/Logos-Website-KIBV-300x300.png","Logistics","Holocene GmbH","https://www.holocene.eu/"
"https://www.hs-analysis.com/","https://ki-verband.de/wp-content/uploads/2025/11/hs_analysis-300x300.png",",","Data & Analytics","https://www.hs-analysis.com/"
"https://www.hyve.net/","https://ki-verband.de/wp-content/uploads/2025/11/hyve-300x300.png","Product & Process Development","HYVE Innovate GmbH","https://www.hyve.net/"
"https://idalab.de/","https://ki-verband.de/wp-content/uploads/2025/11/idalab_gmbh.png",", ,","Consulting","https://idalab.de/"
"https://de.ids-imaging.com/","https://ki-verband.de/wp-content/uploads/2025/11/ids_imaging_development_systems-300x300.png","AI & Machine Learning","IDS Imaging Development Systems GmbH","https://de.ids-imaging.com/"
"https://www.statmath.de/","https://ki-verband.de/wp-content/uploads/2025/11/statmath-300x300.png","IT & Security","ifm statmath gmbh","https://www.statmath.de/"
"https://ki-seminare.de/","https://ki-verband.de/wp-content/uploads/2025/11/infofeld_gmbh.png","Professionelles Training & Coaching","infofeld GmbH","https://ki-seminare.de/"
"https://www.infomotion.de/unternehmen/themen/big-data-advanced-analytics/kuenstliche-intelligenz/","https://ki-verband.de/wp-content/uploads/2025/11/infomotion-300x300.png","Consulting","INFOMOTION","https://www.infomotion.de/unternehmen/themen/big-data-advanced-analytics/kuenstliche-intelligenz/"
"https://www.inform-software.de/","https://ki-verband.de/wp-content/uploads/2025/11/inform-300x300.png","IT & Security","INFORM GmbH","https://www.inform-software.de/"
"https://www.inlinity.ai/","https://ki-verband.de/wp-content/uploads/2025/11/inlinity-300x300.png","Finance & Insurance","Inlinity Technologies GmbH","https://www.inlinity.ai/"
"https://innfactory.ai/","https://ki-verband.de/wp-content/uploads/2025/11/innfactory_ai_consulting_gmbh-300x300.png","Product & Process Development","innFactory GAI Consulting GmbH","https://innfactory.ai/"
"https://www.innomatik.com/","https://ki-verband.de/wp-content/uploads/2025/11/innomatik_ag-300x300.png","IT & Security","Innomatik AG","https://www.innomatik.com/"
"https://www.innoplexus.com/","https://ki-verband.de/wp-content/uploads/2025/11/innoplexus_gmbh-300x63.png","Healthcare & Life Sciences","Innoplexus AG","https://www.innoplexus.com/"
"https://www.inovex.de/de/","https://ki-verband.de/wp-content/uploads/2025/11/inovex-300x300.png","IT & Security","inovex GmbH","https://www.inovex.de/de/"
"https://www.inprosa-consult.de/","https://ki-verband.de/wp-content/uploads/2026/03/Logos-Website-34-300x300.png","Consulting","INPROSA Consult","https://www.inprosa-consult.de/"
"http://www.insage.io/","https://ki-verband.de/wp-content/uploads/2025/11/insage_gmbh-300x300.png","Data & Analytics","insage GmbH","http://www.insage.io/"
"https://www.inspirient.com/","https://ki-verband.de/wp-content/uploads/2025/11/inspirient-300x300.png","Product & Process Development","Inspirient GmbH","https://www.inspirient.com/"
"https://www.instawerk.de/","https://ki-verband.de/wp-content/uploads/2025/11/instawerk_gmbh-300x300.png","Manufacturing","InstaWerk GmbH","https://www.instawerk.de/"
"https://infai.org/","https://ki-verband.de/wp-content/uploads/2025/11/infai-300x75.png","Research & Education","Institut für Angewandte Informatik e.V.","https://infai.org/"
"https://www.lov.ai/","https://ki-verband.de/wp-content/uploads/2025/11/lovai-300x300.png","Data & Analytics","Iovai","https://www.lov.ai/"
"https://www.irisnet.de/","https://ki-verband.de/wp-content/uploads/2025/11/irisnet-300x300.png","Media, Communication & Culture","irisnet GmbH","https://www.irisnet.de/"
"https://www.kileague.de/","https://ki-verband.de/wp-content/uploads/2025/11/itleague_gmbh-300x300.png","IT & Security","ITleague GmbH","https://www.kileague.de/"
"https://www.itonics-innovation.de/","https://ki-verband.de/wp-content/uploads/2025/11/itonics-300x62.png","Consulting","Itonics GmbH","https://www.itonics-innovation.de/"
"https://i-vivid.com/","https://ki-verband.de/wp-content/uploads/2025/11/ivivid-300x300.png","Consulting","iVivid GmbH","https://i-vivid.com/"
"https://jarvis-solutions.de/","https://ki-verband.de/wp-content/uploads/2026/03/Logos-Website-23-300x300.png","Product & Process Development","Jarvis Solutions","https://jarvis-solutions.de/"
"https://www.ki-anwenden.de/","https://ki-verband.de/wp-content/uploads/2025/11/jenke_institut-300x300.png","Consulting","Jenke Institut GmbH","https://www.ki-anwenden.de/"
"https://jobgrader.app/ai","https://ki-verband.de/wp-content/uploads/2025/11/humanindata-300x300.png","Data & Analytics","Jobgrader Innovations GmbH (humanindata)","https://jobgrader.app/ai"
"https://spaces360.io/","https://ki-verband.de/wp-content/uploads/2026/03/Logos-Website-45-300x300.png","Sonstiges","Joyful UG","https://spaces360.io/"
"https://www.justech-ag.com/","https://ki-verband.de/wp-content/uploads/2025/11/jus.tech-300x300.png",",","Consulting","https://www.justech-ag.com/"
"https://justadd.ai/","https://ki-verband.de/wp-content/uploads/2025/11/just_add_ai_gmbh.png","Product & Process Development","JUST ADD AI GmbH","https://justadd.ai/"
"https://www.just-forward.com/","https://ki-verband.de/wp-content/uploads/2025/11/just_forward-300x300.png","Consulting","Just Forward","https://www.just-forward.com/"
"https://kiez.ai/","https://ki-verband.de/wp-content/uploads/2025/11/kiez-300x300.png","Computer Software","K.I.E.Z. – Künstliche Intelligenz Entrepreneurship Zentrum","https://kiez.ai/"
"https://kaikramer-consulting.de/","https://ki-verband.de/wp-content/uploads/2025/11/kai_kramer_consulting-300x300.png","Consulting","Kai Kramer Consulting GmbH","https://kaikramer-consulting.de/"
"https://www.kaitos.ai/","https://ki-verband.de/wp-content/uploads/2025/11/kaitos-300x300.png","Consulting","Kaitos GmbH","https://www.kaitos.ai/"
"https://katulu.io/de/","https://ki-verband.de/wp-content/uploads/2025/11/katulu-300x300.png",",","IT & Security","https://katulu.io/de/"
"https://kausable.ai/","https://ki-verband.de/wp-content/uploads/2025/11/kausable_gmbh-300x300.png","Data & Analytics","kausable GmbH","https://kausable.ai/"
"https://kauz.ai/","https://ki-verband.de/wp-content/uploads/2025/11/kauz_gmbh-300x300.png","AI Techstack","Kauz GmbH","https://kauz.ai/"
"https://kenbun.de/","https://ki-verband.de/wp-content/uploads/2025/11/kenbun_neu-300x300.png","Product & Process Development","KENBUN IT AG","https://kenbun.de/"
"https://www.kerentia.de/","https://ki-verband.de/wp-content/uploads/2025/11/kerentia-300x300.png","Finance & Insurance","Kerentia GmbH","https://www.kerentia.de/"
"https://keymatch.ai/","https://ki-verband.de/wp-content/uploads/2025/11/keymatch.ai-300x300.png","Real Estate & Construction","keymatch.ai","https://keymatch.ai/"
"https://www.info.ki-mentor.com/","https://ki-verband.de/wp-content/uploads/2025/11/ki_mentor-300x300.png","HR & Recruiting","KI Mentor Technology GmbH","https://www.info.ki-mentor.com/"
"https://ki-pionier-partner.de/","https://ki-verband.de/wp-content/uploads/2025/11/ki_pionier_und_partner-300x300.png","Consulting","KI Pionier & Partner","https://ki-pionier-partner.de/"
"http://www.ki-trainingszentrum.com/","https://ki-verband.de/wp-content/uploads/2025/11/ki_trainingszentrum_gmbh-300x300.png","Consulting","KI Trainingszentrum GmbH","http://www.ki-trainingszentrum.com/"
"https://ki-unternehmensberatung.com/","https://ki-verband.de/wp-content/uploads/2025/11/ki_unternehmensberatung-300x300.png","Consulting","KI Unternehmensberatung","https://ki-unternehmensberatung.com/"
"https://www.ki-beratung-deutschland.de/","https://ki-verband.de/wp-content/uploads/2025/11/ki_beratung_deutschland-300x300.png","IT & Security","KI-Beratung Deutschland","https://www.ki-beratung-deutschland.de/"
"https://ki-zentrum.nrw/","https://ki-verband.de/wp-content/uploads/2025/11/ki_zentrum_fuer_blinde_und_sehbehinderte_ggmbh-300x300.png","AI Techstack","KI-Zentrum für Blinde und Sehbehinderte gGmbH","https://ki-zentrum.nrw/"
"https://kivema.de/","https://ki-verband.de/wp-content/uploads/2025/11/kivmea-300x300.png","Consulting","KIVEMA CONSULTING","https://kivema.de/"
"https://klang.io/","https://ki-verband.de/wp-content/uploads/2025/11/klangio_gmbh-300x300.png","Media, Communication & Culture","Klangio GmbH","https://klang.io/"
"https://www.kleos.ai/","https://ki-verband.de/wp-content/uploads/2025/11/kleos_ai-300x300.png","Data & Analytics","KLEOS GmbH","https://www.kleos.ai/"
"https://www.tracer-x.de/","https://ki-verband.de/wp-content/uploads/2025/11/kmt_koehnlein_messtechnik_gmbh-300x119.jpg","IT & Security","KMT Köhnlein Messtechnik GmbH","https://www.tracer-x.de/"
"https://www.konux.com/","https://ki-verband.de/wp-content/uploads/2025/11/konux.png","Transport & Mobility","Konux GmbH","https://www.konux.com/"
"https://www.kopernikus.ai/","https://ki-verband.de/wp-content/uploads/2025/11/kopernikus_ki-300x61.png","Product & Process Development","Kopernikus KI powered by bellboxx GmbH","https://www.kopernikus.ai/"
"https://www.krankikom.de/","https://ki-verband.de/wp-content/uploads/2026/03/Logos-Website-22-300x300.png","Media, Communication & Culture","Krankikom GmbH","https://www.krankikom.de/"
"https://www.krekeny.com/","https://ki-verband.de/wp-content/uploads/2025/11/krekeny-300x300.png","AI Techstack","Krekeny","https://www.krekeny.com/"
"https://www.kubion.io/","https://ki-verband.de/wp-content/uploads/2025/11/kubion_gmbh-300x300.png","Product & Process Development","kubion GmbH","https://www.kubion.io/"
"https://www.kurzdigital.com/","https://ki-verband.de/wp-content/uploads/2026/03/Logos-Website-300x300.png","IT & Security","KURZ Digital Solutions GmbH & Co. KG","https://www.kurzdigital.com/"
"https://www.laigo.ai/","https://ki-verband.de/wp-content/uploads/2025/05/Logo_laigo-300x300.png","AI Techstack","Laigo GmbH","https://www.laigo.ai/"
"https://lakera.ai/","https://ki-verband.de/wp-content/uploads/2025/11/lakera-300x194.png","Computer Software","Lakera AI AG","https://lakera.ai/"
"https://langdock.com/","https://ki-verband.de/wp-content/uploads/2025/11/langdock-300x300.png","AI Techstack","Langdock GmbH","https://langdock.com/"
"https://lavrio.solutions/","https://ki-verband.de/wp-content/uploads/2025/11/lavrio_solutions-300x300.png","Consulting","Lavrio.solutions GmbH","https://lavrio.solutions/"
"https://www.lawtechgroup.de/","https://ki-verband.de/wp-content/uploads/2025/11/lawtechgroup_gmbh-300x300.png","Legal & Compliance","Lawtechgroup GmbH","https://www.lawtechgroup.de/"
"https://www.leapter.com/","https://ki-verband.de/wp-content/uploads/2026/03/Logos-Website-30-300x300.png","AI Techstack","Leapter GmbH","https://www.leapter.com/"
"https://www.lechler.com/de","https://ki-verband.de/wp-content/uploads/2026/04/Logos-Website-4-300x300.png","Manufacturing","Lechler GmbH","https://www.lechler.com/de"
"https://lembergsolutions.com/","https://ki-verband.de/wp-content/uploads/2025/11/lemberg-300x300.png","IT & Security","Lemberg Solutions GmbH","https://lembergsolutions.com/"
"https://levity.ai/","https://ki-verband.de/wp-content/uploads/2024/10/5fb24a974499e95a772430aa_Levity-300x96.png",", ,","Logistics","https://levity.ai/"
"https://ki-ready.com/","https://ki-verband.de/wp-content/uploads/2025/11/lexi_experts-300x300.png","Consulting","LEXI Experts","https://ki-ready.com/"
"https://www.lhotse.de/","https://ki-verband.de/wp-content/uploads/2025/11/lhotse_technologies_gmbh-300x300.png","IT & Security","Lhotse Technologies GmbH","https://www.lhotse.de/"
"https://lifesciencenord.de/de/mitglieder/mitgliedschaft.html","https://ki-verband.de/wp-content/uploads/2025/11/life_science_nord-300x300.png","Healthcare & Life Sciences","Life Science Nord e.V.","https://lifesciencenord.de/de/mitglieder/mitgliedschaft.html"
"https://www.limebit.de/","https://ki-verband.de/wp-content/uploads/2025/11/limebit-300x300.png",",","Consulting","https://www.limebit.de/"
"https://linovy.de/","https://ki-verband.de/wp-content/uploads/2026/04/Logos-Website-1-300x300.png","Sonstiges","Linovy UG","https://linovy.de/"
"https://www.lisios.de/","https://ki-verband.de/wp-content/uploads/2025/11/lisios-300x300.png","Real Estate & Construction","Lisios GmbH","https://www.lisios.de/"
"https://www.lmis.de/","https://ki-verband.de/wp-content/uploads/2025/11/lmis-300x300.png",",","Agriculture & Environment","https://www.lmis.de/"
"https://www.logarithmo.de/","https://ki-verband.de/wp-content/uploads/2025/11/logarithmo.JPG","Energy & Sustainability","logarithmo GmbH & Co. KG","https://www.logarithmo.de/"
"https://logiks.solutions/","https://ki-verband.de/wp-content/uploads/2026/03/Logos-Website-2-300x300.png","AI Techstack","Logiks Solutions GmbH","https://logiks.solutions/"
"https://logsight.ai/","https://ki-verband.de/wp-content/uploads/2025/11/logsight.ai-300x300.png","Computer Software","Logsight.ai","https://logsight.ai/"
"https://lolml.com/","https://ki-verband.de/wp-content/uploads/2025/11/lolml_gmbh-300x300.png","Consulting","LOLML GmbH","https://lolml.com/"
"https://www.lox-solutions.eu/","https://ki-verband.de/wp-content/uploads/2026/03/Logos-Website-7-300x300.png","Consulting","LOX Solutions GmbH","https://www.lox-solutions.eu/"
"https://www.lucidlabs.de/","https://ki-verband.de/wp-content/uploads/2025/11/lucid_labs_gmbh-300x300.png","Consulting","Lucid Labs GmbH","https://www.lucidlabs.de/"
"https://www.luis.de/","https://ki-verband.de/wp-content/uploads/2025/11/luis_technology-300x300.png","Transport & Mobility","LUIS Technology GmbH","https://www.luis.de/"
"https://www.luup-systems.com/","https://ki-verband.de/wp-content/uploads/2025/11/luup.systems_gmbh-300x300.png","AI Techstack","Luup.Systems GmbH","https://www.luup-systems.com/"
"https://luvis.ai/","https://ki-verband.de/wp-content/uploads/2025/11/luvis-296x300.png","Product & Process Development","LUVIS AI GmbH","https://luvis.ai/"
"https://lyceum.technology/","https://ki-verband.de/wp-content/uploads/2025/11/lyceum_technology_germany_gmbh-300x300.png","AI Techstack","Lyceum Technology Germany GmbH","https://lyceum.technology/"
"","","Data & Analytics","mAInthink GmbH","https://www.mainthink.ai/"
"https://www.managbl.ai/","https://ki-verband.de/wp-content/uploads/2025/11/managlb_ai-300x300.png","Real Estate & Construction","MANAGBL. AI GmbH","https://www.managbl.ai/"
"https://manufactai.com/","https://ki-verband.de/wp-content/uploads/2025/11/manufactai-300x300.png","AI Techstack","manufactAI","https://manufactai.com/"
"https://www.masasana.ai/","https://ki-verband.de/wp-content/uploads/2025/11/masasana-300x300.png",",","Consulting","https://www.masasana.ai/"
"https://mechlab-engineering.de/","https://ki-verband.de/wp-content/uploads/2025/11/mechlab_engeering-300x300.png",",","Data & Analytics","https://mechlab-engineering.de/"
"https://www.medicalmotion.com/","https://ki-verband.de/wp-content/uploads/2025/11/medicalmotion-300x300.png","Healthcare & Life Sciences","medicalmotion GmbH","https://www.medicalmotion.com/"
"https://www.meerkat.ai/","https://ki-verband.de/wp-content/uploads/2025/11/meerkat-300x300.png","Product & Process Development","Meerkat.ai GmbH","https://www.meerkat.ai/"
"https://www.meisterai.net/","https://ki-verband.de/wp-content/uploads/2025/11/meisterai-300x300.png","Sonstiges","MeisterAI","https://www.meisterai.net/"
"https://www.merantix.com/","https://ki-verband.de/wp-content/uploads/2024/10/Logo-merantix-300x300.jpg","Company Builder & Ökosystem","Merantix AG","https://www.merantix.com/"
"http://www.merantix-momentum.com/","https://ki-verband.de/wp-content/uploads/2025/11/merantix_momentum-300x300.png","Product & Process Development","Merantix Momentum GmbH","http://www.merantix-momentum.com/"
"https://mercury.ai/","https://ki-verband.de/wp-content/uploads/2025/11/mercury.ai_gmbh-300x300.png","Customer Service","Mercury.ai GmbH","https://mercury.ai/"
"https://www.mesasight.com/","https://ki-verband.de/wp-content/uploads/2025/11/mesasight-300x300.png","Research & Education","MESASIGHT GmbH","https://www.mesasight.com/"
"https://www.deepmetis.com/","https://ki-verband.de/wp-content/uploads/2025/11/deepmetis-300x300.png","Quantum Computing","Metis.AI UG (haftungsbeschränkt)","https://www.deepmetis.com/"
"https://www.more-future.ai/","https://ki-verband.de/wp-content/uploads/2026/03/Logos-Website-13-300x300.png","Consulting","MF MoreFuture. Die KI-Beratung GmbH","https://www.more-future.ai/"
"https://de.mi4people.org/","https://ki-verband.de/wp-content/uploads/2025/11/mi4people_ggmbh-300x300.png","IT & Security","MI4People gGmbH","https://de.mi4people.org/"
"https://www.micropsi-industries.com/","https://ki-verband.de/wp-content/uploads/2025/11/micropsi_industries-300x125.png",",","Manufacturing","https://www.micropsi-industries.com/"
"https://milia.io/","https://ki-verband.de/wp-content/uploads/2025/11/milia_gmbh-300x300.png","Finance & Insurance","milia GmbH","https://milia.io/"
"https://mindact.cc/","https://ki-verband.de/wp-content/uploads/2026/03/Logos-Website-38-300x300.png","Consulting","MINDACT Consulting & Content GmbH","https://mindact.cc/"
"https://www.mindpeak.ai/","https://ki-verband.de/wp-content/uploads/2025/11/mindpeak-300x300.png","BioTech","MindPeak GmbH","https://www.mindpeak.ai/"
"https://www.mind-verse.de/","https://ki-verband.de/wp-content/uploads/2025/11/mindverse-300x300.png","AI Techstack","Mindverse (Relativity GmbH)","https://www.mind-verse.de/"
"https://www.mitarbyte.com/","https://ki-verband.de/wp-content/uploads/2025/11/mitarbyte_gmbh-300x300.png","Consulting","Mitarbyte GmbH","https://www.mitarbyte.com/"
"https://modelyzr.com/","https://ki-verband.de/wp-content/uploads/2025/11/modelzyr-300x300.png","AI Techstack","Modelyzr GmbH","https://modelyzr.com/"
"https://www.claudiabechstein.com/","https://ki-verband.de/wp-content/uploads/2025/11/moderatorin_claudia_bechstein-300x300.png","Media, Communication & Culture","Moderatorin Claudia Bechstein","https://www.claudiabechstein.com/"
"https://www.moin.ai/","https://ki-verband.de/wp-content/uploads/2025/11/knowhere_darkblue_l-300x60.png","Customer Service","moinAI (knowhere GmbH)","https://www.moin.ai/"
"https://molequle.io/","https://ki-verband.de/wp-content/uploads/2025/11/molequle_gmbh-300x300.png","Data & Analytics","Molequle GmbH","https://molequle.io/"
"https://www.mondial-ai.com/","https://ki-verband.de/wp-content/uploads/2025/11/monidal_ai_gmbh-300x300.png","Healthcare & Life Sciences","Mondial AI GmbH","https://www.mondial-ai.com/"
"https://www.moresophy.com/","https://ki-verband.de/wp-content/uploads/2025/11/moresophy_gmbh-300x300.png","AI Techstack","MORESOPHY GmbH","https://www.moresophy.com/"
"https://ai.motius.de/","https://ki-verband.de/wp-content/uploads/2025/11/motius-300x300.png","Product & Process Development","Motius GmbH","https://ai.motius.de/"
"https://musemachine.de/","https://ki-verband.de/wp-content/uploads/2025/11/musemachine_ug-300x300.png","Product & Process Development","MuseMachine UG","https://musemachine.de/"
"https://naointelligence.com/","https://ki-verband.de/wp-content/uploads/2026/03/nao_intelligence_gmbh-2-300x300.png","Product & Process Development","Nao Intelligence GmbH","https://naointelligence.com/"
"https://natif.ai/de/","https://ki-verband.de/wp-content/uploads/2025/11/natif_ai-300x300.png","Product & Process Development","Natif AI","https://natif.ai/de/"
"https://neo-law.de/","https://ki-verband.de/wp-content/uploads/2025/11/neo.law_technology_gmbh-300x300.png","Legal & Compliance","Neo.Law Technology GmbH","https://neo-law.de/"
"http://www.neofonie.de/","https://ki-verband.de/wp-content/uploads/2025/11/neofonie-300x300.png","Consulting","Neofonie GmbH","http://www.neofonie.de/"
"https://www.neomo.com/","https://ki-verband.de/wp-content/uploads/2025/11/neomo_gmbh-300x300.png","AI Techstack","NEOMO GmbH","https://www.neomo.com/"
"https://neuland-ai.com/","https://ki-verband.de/wp-content/uploads/2025/11/neuland_ai-300x300.png","Product & Process Development","neuland AI","https://neuland-ai.com/"
"https://www.neunzehn.io/","https://ki-verband.de/wp-content/uploads/2025/11/neunzehn_innovations_gmbh-300x300.png","AI Techstack","neunzehn innovations GmbH","https://www.neunzehn.io/"
"https://neura-robotics.com/de/","https://ki-verband.de/wp-content/uploads/2026/04/Logos-Website-13-300x300.png","Robotics","NEURA Robotics","https://neura-robotics.com/de/"
"https://www.neuraflow.de/","https://ki-verband.de/wp-content/uploads/2025/11/neuraflow_gmbh-300x300.png","Data & Analytics","neuraflow GmbH","https://www.neuraflow.de/"
"https://neuraforce.com/","https://ki-verband.de/wp-content/uploads/2025/11/neuraforce-300x300.png","IT & Security","neuraforce GmbH","https://neuraforce.com/"
"https://neuroforge.de/","https://ki-verband.de/wp-content/uploads/2025/11/neuroforge_black_cmyk-300x39.png","Data & Analytics","NeuroForge GmbH & Co. KG","https://neuroforge.de/"
"https://neurologiq.com/","https://ki-verband.de/wp-content/uploads/2025/11/neurologiq_neu-300x300.png","Product & Process Development","NeurologIQ Engineering GmbH","https://neurologiq.com/"
"https://www.alphaneural.io/","https://ki-verband.de/wp-content/uploads/2025/11/neurotech_ai_solutions_gmbh-300x86.png","AI Techstack","Neurotech AI Solutions GmbH","https://www.alphaneural.io/"
"https://neurovexon.com/","https://ki-verband.de/wp-content/uploads/2026/03/Logos-Website-40-300x300.png","AI Techstack","NeuroVexon UG (haftungsbeschränkt)","https://neurovexon.com/"
"https://neusinger.ai/","https://ki-verband.de/wp-content/uploads/2025/11/neusinger.ai-300x300.png",",","Customer Service","https://neusinger.ai/"
"https://newbizdigital.de/","https://ki-verband.de/wp-content/uploads/2025/11/new_business_digital-300x300.png","Consulting","new.business.digital UG","https://newbizdigital.de/"
"https://www.newboxes.com/","https://ki-verband.de/wp-content/uploads/2025/11/newboxes-300x300.png","Product & Process Development","newboxes solutions GmbH","https://www.newboxes.com/"
"https://www.newnow.group/","https://ki-verband.de/wp-content/uploads/2026/03/Logos-Website-29-300x300.png","Consulting","NewNow Group Gmbh","https://www.newnow.group/"
"https://www.nexalta.com/","https://ki-verband.de/wp-content/uploads/2025/11/nexalta_networks_gmbh-300x300.png","AI Techstack","NEXALTA NETWORKS GmbH","https://www.nexalta.com/"
"https://nexamind.io/","https://ki-verband.de/wp-content/uploads/2025/11/nexamind_gmbh-300x300.png","AI Techstack","nexamind GmbH","https://nexamind.io/"
"https://nexperts.academy/","https://ki-verband.de/wp-content/uploads/2026/04/Logos-Website-11-300x300.png","Consulting","NEXperts Academy GmbH","https://nexperts.academy/"
"https://nibiru-systems.de/","https://ki-verband.de/wp-content/uploads/2025/11/nibiru-300x300.png","Consulting","Nibiru Systems GmbH","https://nibiru-systems.de/"
"https://www.niologic.com/de/","https://ki-verband.de/wp-content/uploads/2025/11/niologic-300x300.png","Consulting","Niologic GmbH","https://www.niologic.com/de/"
"http://nocturne.one/","https://ki-verband.de/wp-content/uploads/2025/11/nocturne-300x300.png","Healthcare & Life Sciences","Nocturne GmbH","http://nocturne.one/"
"https://www.nooxit.com/","https://ki-verband.de/wp-content/uploads/2025/11/nooxit-300x300.png","Product & Process Development","Nooxit GmbH","https://www.nooxit.com/"
"https://www.novamotum.net/","https://ki-verband.de/wp-content/uploads/2025/11/nova_motum_services_und_consulting_gmbh-300x300.png","IT & Security","nova motum® Services & Consulting GmbH","https://www.novamotum.net/"
"https://novelsense.com/","https://ki-verband.de/wp-content/uploads/2025/11/novel_sense-300x61.png","Data & Analytics","NovelSense UG","https://novelsense.com/"
"https://www.nuwacom.ai/","https://ki-verband.de/wp-content/uploads/2025/11/nuwacom_gmbh-300x300.png","AI Techstack","nuwacom GmbH","https://www.nuwacom.ai/"
"https://nyris.io/","https://ki-verband.de/wp-content/uploads/2025/11/nyris.png",",","Manufacturing","https://nyris.io/"
"https://www.oediv.de/","https://ki-verband.de/wp-content/uploads/2026/03/Logos-Website-24-300x300.png","Data & Analytics","OEDIV KG","https://www.oediv.de/"
"https://omega-space.org/","https://ki-verband.de/wp-content/uploads/2025/11/omega_space-300x300.png","Sonstiges","Omega Space GmbH","https://omega-space.org/"
"https://ommm.ai/","https://ki-verband.de/wp-content/uploads/2025/11/ommm_gmbh-300x300.png","Product & Process Development","OMMM Operations Management Solutions GmbH","https://ommm.ai/"
"https://www.omnius.com/","https://ki-verband.de/wp-content/uploads/2025/11/omni_us-300x300.png","Finance & Insurance","Omni:us","https://www.omnius.com/"
"https://omnifact.ai/","https://ki-verband.de/wp-content/uploads/2025/11/omnifact_gmbh-300x300.png","AI Techstack","Omnifact GmbH","https://omnifact.ai/"
"https://onethousand.ai/","https://ki-verband.de/wp-content/uploads/2025/11/one_thousand_gmbh-300x300.png","Consulting","One Thousand","https://onethousand.ai/"
"https://www.onsei.de/","https://ki-verband.de/wp-content/uploads/2025/11/onsei-300x300.png",",","Customer Service","https://www.onsei.de/"
"https://oofone.de/","https://ki-verband.de/wp-content/uploads/2025/11/oofone_gmbh-300x300.png","Finance & Insurance","OofOne GmbH","https://oofone.de/"
"https://opotoc.com/","https://ki-verband.de/wp-content/uploads/2025/11/opotoc_gmbh-300x300.png","Consulting","opotoc GmbH","https://opotoc.com/"
"https://osphim.com/","https://ki-verband.de/wp-content/uploads/2025/11/osphim_gmbh_i.g.-300x300.png","Manufacturing","OSPHIM GmbH","https://osphim.com/"
"https://otea.digital/","https://ki-verband.de/wp-content/uploads/2025/11/otea_digital-300x300.png","Consulting","OTEA Digital","https://otea.digital/"
"https://www.overf.ly/","https://ki-verband.de/wp-content/uploads/2025/11/overfly-300x61.png","Product & Process Development","Overfly GmbH","https://www.overf.ly/"
"http://www.oxolo.com/","https://ki-verband.de/wp-content/uploads/2025/11/oxolo-300x300.png","Sales & Marketing","Oxolo GmbH","http://www.oxolo.com/"
"https://p-cation.de/","https://ki-verband.de/wp-content/uploads/2025/11/p_cation-300x300.png",",","Consulting","https://p-cation.de/"
"https://pacemaker.ai/","https://ki-verband.de/wp-content/uploads/2025/11/pacemaker-300x300.png",",","Customer Service","https://pacemaker.ai/"
"https://paiqo.com/","https://ki-verband.de/wp-content/uploads/2025/11/paiqo-300x300.png",",","Customer Service","https://paiqo.com/"
"https://www.palatin.ai/","https://ki-verband.de/wp-content/uploads/2025/11/palatin_intelligent_solutions_gmbh-300x300.png","Consulting","Palatin Intelligent Solutions GmbH","https://www.palatin.ai/"
"https://panos.ai/","https://ki-verband.de/wp-content/uploads/2026/03/Logos-Website-3-300x300.png","Product & Process Development","Panos AI GmbH","https://panos.ai/"
"https://www.paradatec.de/","https://ki-verband.de/wp-content/uploads/2025/11/paradatec-300x300.png",",","Data & Analytics","https://www.paradatec.de/"
"https://www.paretos.com/","https://ki-verband.de/wp-content/uploads/2025/11/paretos-300x300.png",",","AI Techstack","https://www.paretos.com/"
"https://www.parloa.com/","https://ki-verband.de/wp-content/uploads/2025/11/parloa-300x300.png","Customer Service","Parloa GmbH","https://www.parloa.com/"
"https://www.patris.ai/","https://ki-verband.de/wp-content/uploads/2025/11/patris.ai-300x300.png","Sonstiges","patris.ai (eingetragen: Schipp & Sohn UG)","https://www.patris.ai/"
"https://pattern-pulse.de/","https://ki-verband.de/wp-content/uploads/2026/03/Pattern-Pulse-300x300.png","AI Techstack","Pattern & Pulse (CCJ Development UG (haftungsbeschränkt))","https://pattern-pulse.de/"
"https://www.peregrine.ai/","https://ki-verband.de/wp-content/uploads/2025/11/peregrine_technologies-300x300.png","Transport & Mobility","Peregrine Technologies GmbH","https://www.peregrine.ai/"
"https://www.yellowshift.eu/","https://ki-verband.de/wp-content/uploads/2025/11/perelyn-300x300.png","Consulting","Perelyn GmbH","https://www.yellowshift.eu/"
"https://phantasma.global/","https://ki-verband.de/wp-content/uploads/2025/11/phantasma-300x300.png","Transport & Mobility","Phantasma Labs","https://phantasma.global/"
"https://phnxalpha.de/","https://ki-verband.de/wp-content/uploads/2025/11/phnx_alpha_gmbh-300x300.png","AI Techstack","Phnx Alpha GmbH","https://phnxalpha.de/"
"https://www.photonicinsights.com/","https://ki-verband.de/wp-content/uploads/2025/11/photonic-300x300.png","AI Techstack","Photonic Insights UG","https://www.photonicinsights.com/"
"https://www.picalike.com/","https://ki-verband.de/wp-content/uploads/2025/11/picalike_gmbh-300x114.png","Data & Analytics","Picalike GmbH","https://www.picalike.com/"
"https://pionatic.com/","https://ki-verband.de/wp-content/uploads/2025/11/pionatic_gmbh-300x300.png","Data & Analytics","pionatic GmbH","https://pionatic.com/"
"https://www.plan-d.com/","https://ki-verband.de/wp-content/uploads/2025/11/plan_d-300x300.png","Consulting","Plan D GmbH","https://www.plan-d.com/"
"https://pmd-manageering.de/","https://ki-verband.de/wp-content/uploads/2025/11/pmd_manageering-300x300.png","Consulting","pmd manageering","https://pmd-manageering.de/"
"https://point-8.de/","https://ki-verband.de/wp-content/uploads/2025/11/point8-300x300.png",",","Data & Analytics","https://point-8.de/"
"https://polarise.eu/","https://ki-verband.de/wp-content/uploads/2026/03/Polarise-300x300.png","Sonstiges","Polarise GmbH","https://polarise.eu/"
"https://polit-x.de/","https://ki-verband.de/wp-content/uploads/2025/11/polit_x-300x300.png","Data & Analytics","Polit-X (HAUPTSTÄDTISCHE Verlags- & Beratungsgesellschaft HBVG mbH)","https://polit-x.de/"
"https://www.possehl-analytics.com/","https://ki-verband.de/wp-content/uploads/2025/11/possehl-300x300.png","Data & Analytics","Possehl Analytics GmbH","https://www.possehl-analytics.com/"
"https://prenode.de/","https://ki-verband.de/wp-content/uploads/2025/11/prenode-300x300.png","AI Techstack","prenode GmbH","https://prenode.de/"
"https://privacy-solutions.org/","https://ki-verband.de/wp-content/uploads/2025/11/privacy_solutions-300x300.png","IT & Security","Privacy Solutions GmbH","https://privacy-solutions.org/"
"https://www.getmaia.ai/","https://ki-verband.de/wp-content/uploads/2025/11/prodlane_gmbh-300x300.png","Data & Analytics","Prodlane GmbH","https://www.getmaia.ai/"
"https://profvalmed.com/","https://ki-verband.de/wp-content/uploads/2025/11/prof_valmed_validated_medical_information_gmbh-300x300.png","Healthcare & Life Sciences","Prof. Valmed – validated medical information GmbH","https://profvalmed.com/"
"https://www.promptmeplease.ai/","https://ki-verband.de/wp-content/uploads/2025/11/bruederchen_und_schwesterchen_gmbh-300x300.png","Sonstiges","promptmeplease.ai / Brüderchen & Schwesterchen GmbH","https://www.promptmeplease.ai/"
"https://propertyexpert.de/","https://ki-verband.de/wp-content/uploads/2025/11/property_expert-300x300.png","Finance & Insurance","PropertyExpert GmbH","https://propertyexpert.de/"
"https://prozessx.com/","https://ki-verband.de/wp-content/uploads/2026/03/Logos-Website-35-300x300.png","IT & Security","ProzessX eGbR","https://prozessx.com/"
"https://qdrant.tech/","https://ki-verband.de/wp-content/uploads/2025/11/qdrant-300x300.png","AI Techstack","Qdrant Solutions GmbH","https://qdrant.tech/"
"https://www.qnovi.de/","https://ki-verband.de/wp-content/uploads/2025/11/qnovi_gmbh-300x300.png","Product & Process Development","Qnovi GmbH","https://www.qnovi.de/"
"https://www.quantpi.com/","https://ki-verband.de/wp-content/uploads/2025/11/quantpi-296x300.png",", ,","AI Techstack","https://www.quantpi.com/"
"https://www.q-gaming.com/","https://ki-verband.de/wp-content/uploads/2025/11/quantum_gaming_gmbh-300x300.png","AI & Machine Learning","Quantum Gaming GmbH","https://www.q-gaming.com/"
"https://www.qurix.tech/","https://ki-verband.de/wp-content/uploads/2025/11/qurix-300x300.png","AI Techstack","qurix Technology GmbH","https://www.qurix.tech/"
"https://qymatix.de/de/","https://ki-verband.de/wp-content/uploads/2025/11/qymatix_gmbh.png","Sales & Marketing","Qymatix Solutions GmbH","https://qymatix.de/de/"
"https://rabbitai.de/","https://ki-verband.de/wp-content/uploads/2025/11/rabbitai-300x300.png","Media, Communication & Culture","rabbitAI GmbH","https://rabbitai.de/"
"https://www.rapyd.ai/","https://ki-verband.de/wp-content/uploads/2025/11/rapyd_ai-300x300.png",",","Data & Analytics","https://www.rapyd.ai/"
"https://www.eneriq.com/","https://ki-verband.de/wp-content/uploads/2025/11/rausch_technology-300x300.png","Energy & Sustainability","RAUSCH Technology GmbH","https://www.eneriq.com/"
"https://www.redorbit.ai/","https://ki-verband.de/wp-content/uploads/2026/03/red_ordbit-300x300.png","Product & Process Development","RedOrbit GmbH","https://www.redorbit.ai/"
"https://ki-verband.de/community/ki-unternehmen/","https://ki-verband.de/wp-content/uploads/2025/11/referenta_gmbh-300x76.png","AI Techstack","Referenta GmbH","https://ki-verband.de/community/ki-unternehmen/"
"https://regtech-berlin.com/","https://ki-verband.de/wp-content/uploads/2025/11/KI-BV","Consulting","RegTech Beteiliguns- und Beratungs GmbH","https://regtech-berlin.com/"
"https://www.regulaid.de/","https://ki-verband.de/wp-content/uploads/2025/11/regulaid-300x300.png","Legal & Compliance","regulaid GmbH","https://www.regulaid.de/"
"http://www.renumics.com/","https://ki-verband.de/wp-content/uploads/2025/11/renumics.jpg",",","Manufacturing","http://www.renumics.com/"
"https://reqbee.com/","https://ki-verband.de/wp-content/uploads/2025/11/reqbee-300x300.png","Data & Analytics","REQBEE GmbH","https://reqbee.com/"
"https://resourcly.com/","https://ki-verband.de/wp-content/uploads/2025/11/resourcly_gmbh-300x300.png","Manufacturing","Resourcly GmbH","https://resourcly.com/"
"https://rethinkingjob.com/","https://ki-verband.de/wp-content/uploads/2026/03/Logos-Website-31-300x300.png","AI Techstack","Rethinking Job GmbH","https://rethinkingjob.com/"
"http://www.retorio.com/","https://ki-verband.de/wp-content/uploads/2025/11/retorio-300x300.png","HR & Recruiting","Retorio GmbH","http://www.retorio.com/"
"https://www.revoai.de/","https://ki-verband.de/wp-content/uploads/2025/11/revoai_gmbh-300x300.png","AI & Machine Learning","RevoAI GmbH","https://www.revoai.de/"
"https://www.rhesisi.ai/","https://ki-verband.de/wp-content/uploads/2025/11/rhesis_ai_gmbh-300x300.png","Computer Software","Rhesis AI GmbH","https://www.rhesisi.ai/"
"https://rlvnt.de/","https://ki-verband.de/wp-content/uploads/2025/11/KI-BV","Consulting","rlvnt GmbH","https://rlvnt.de/"
"https://quantumvoice.de/","https://ki-verband.de/wp-content/uploads/2026/03/Logos-Website-49-300x300.png","AI Techstack","RN Edge Solutions GmbH","https://quantumvoice.de/"
"https://kineo.ai/","https://ki-verband.de/wp-content/uploads/2025/11/kineo.ai-300x300.png",", ,","Consulting","https://kineo.ai/"
"https://www.robominds.de/","https://ki-verband.de/wp-content/uploads/2025/11/robominds-300x300.png",", ,","Logistics","https://www.robominds.de/"
"https://genum.ai/","https://ki-verband.de/wp-content/uploads/2026/03/Logos-Website-41-300x300.png","AI Techstack","rockit.consulting GmbH (genum.ai)","https://genum.ai/"
"https://roon-advisory.de/","https://ki-verband.de/wp-content/uploads/2026/03/Logos-Website-25-300x300.png","Consulting","ROON ADVISORY","https://roon-advisory.de/"
"https://www.rubinstein-schmiedel.com/","https://ki-verband.de/wp-content/uploads/2025/11/rs_alphasense-300x300.png","IT & Security","RS AlphaSense GmbH","https://www.rubinstein-schmiedel.com/"
"https://rubinlake.com/","https://ki-verband.de/wp-content/uploads/2025/11/rubinlake_gmbh-300x58.png","Data & Analytics","RUBINLAKE GmbH","https://rubinlake.com/"
"https://www.saboit.de/","https://ki-verband.de/wp-content/uploads/2025/11/sabo_mobile_it-300x300.png","Manufacturing","SABO Mobile IT GmbH","https://www.saboit.de/"
"https://safira.ai/","https://ki-verband.de/wp-content/uploads/2025/11/safira-300x300.png","Retail & Commerce","Safira GmbH","https://safira.ai/"
"https://www.sastrify.com/","https://ki-verband.de/wp-content/uploads/2025/11/sastrify_gmbh-300x300.png","IT & Security","Sastrify GmbH","https://www.sastrify.com/"
"https://www.saypien.io/","https://ki-verband.de/wp-content/uploads/2025/11/saypien_ug-300x300.png","Market Research & Insights","saypien UG","https://www.saypien.io/"
"https://www.scala-value.com/","https://ki-verband.de/wp-content/uploads/2025/11/scala_value_gmbh-300x210.png","IT & Security","Scala Value GmbH","https://www.scala-value.com/"
"https://www.scavenger-ai.com/","https://ki-verband.de/wp-content/uploads/2025/11/scavenger_ai-300x300.png","Data & Analytics","Scavenger AI Gmbh","https://www.scavenger-ai.com/"
"https://www.schoenhofer.de/","https://ki-verband.de/wp-content/uploads/2026/04/Logo_Schoenhofer-Sales-and-Engineering-GmbH-300x300.png","Data & Analytics","Schönhofer Sales and Engineering GmbH","https://www.schoenhofer.de/"
"https://www.scieneers.de/","https://ki-verband.de/wp-content/uploads/2025/11/scieneers-300x300.png","AI Techstack","scieneers GmbH","https://www.scieneers.de/"
"https://www.scriptbakery.de/","https://ki-verband.de/wp-content/uploads/2025/11/scriptbakery-300x300.png",",","AI & Machine Learning","https://www.scriptbakery.de/"
"https://scriptone-solutions.de/","https://ki-verband.de/wp-content/uploads/2025/11/scriptone_solutions_ug-300x300.png","IT & Security","ScriptOne Solutions UG","https://scriptone-solutions.de/"
"https://seedbox-ventures.com/","https://ki-verband.de/wp-content/uploads/2025/11/seedbox_ventures-300x300.png","Product & Process Development","Seedbox Ventures GmbH","https://seedbox-ventures.com/"
"https://www.sensape.com/","https://ki-verband.de/wp-content/uploads/2025/11/sensape-300x95.png","Sales & Marketing","Sensape GmbH","https://www.sensape.com/"
"https://senswork.com/","https://ki-verband.de/wp-content/uploads/2025/11/senswork-300x300.png",", ,","Manufacturing","https://senswork.com/"
"https://www.shadesandcontrast.com/","https://ki-verband.de/wp-content/uploads/2025/11/shadesundcontrast-300x300.png","Consulting","shades&contrast","https://www.shadesandcontrast.com/"
"https://signatrix.com/","https://ki-verband.de/wp-content/uploads/2025/11/logo_signatrix-300x300.png","Retail & Commerce","Signatrix GmbH","https://signatrix.com/"
"https://www.sikom.de/","https://ki-verband.de/wp-content/uploads/2025/11/sikom-300x300.png",",","Customer Service","https://www.sikom.de/"
"https://www.skopos-elements.de/","https://ki-verband.de/wp-content/uploads/2025/11/skopos_elements-300x300.png",", ,","Customer Service","https://www.skopos-elements.de/"
"","","Data & Analytics","SMA Development GmbH","https://sma-dev.de/"
"https://www.snaic.ai/","https://ki-verband.de/wp-content/uploads/2025/11/snaic_gmbh-300x147.jpg","AI Techstack","SNAIC GmbH","https://www.snaic.ai/"
"https://snipclip.com/","https://ki-verband.de/wp-content/uploads/2025/11/snipclip_die_digitale_fabrik_gmbh-300x300.png","Sales & Marketing","SnipClip die digitale Fabrik GmbH","https://snipclip.com/"
"https://www.snipki.de/","https://ki-verband.de/wp-content/uploads/2025/11/snipki-300x300.png","Research & Education","snipKI","https://www.snipki.de/"
"https://sodefa.de/","https://ki-verband.de/wp-content/uploads/2025/11/sodefa-300x300.png","Computer Software","Sodefa GmbH & Co. KG","https://sodefa.de/"
"https://solavieve.com/de/homepage-de/","https://ki-verband.de/wp-content/uploads/2025/11/solavieve-300x300.png","Healthcare & Life Sciences","SolaVieve Technologies GmbH","https://solavieve.com/de/homepage-de/"
"https://www.soventec.de/index.php/de/","https://ki-verband.de/wp-content/uploads/2025/11/soventec-300x300.png",",","Consulting","https://www.soventec.de/index.php/de/"
"https://www.sozial-ki.de/","https://ki-verband.de/wp-content/uploads/2025/11/sozial_ki.png","Sonstiges","Sozial KI UG","https://www.sozial-ki.de/"
"https://www.intellifant.com/","https://ki-verband.de/wp-content/uploads/2025/11/speed4trade_gmbh-300x300.png","IT & Security","Speed4Trade GmbH","https://www.intellifant.com/"
"https://www.spherity.com/de","https://ki-verband.de/wp-content/uploads/2026/06/Spherity-300x300.png","IT & Security","Spherity GmbH","https://www.spherity.com/de"
"https://spinncloud.com/","https://ki-verband.de/wp-content/uploads/2025/11/spinncloud-300x300.png","Product & Process Development","SpiNNcloud Systems GmbH","https://spinncloud.com/"
"https://www.spleenlab.ai/","https://ki-verband.de/wp-content/uploads/2025/11/spleenlab-300x300.png",",","Data & Analytics","https://www.spleenlab.ai/"
"https://splitbot.de/","https://ki-verband.de/wp-content/uploads/2025/11/splitbot_gmbh-300x300.png","Product & Process Development","Splitbot GmbH","https://splitbot.de/"
"https://www.squareneo.de/","https://ki-verband.de/wp-content/uploads/2025/11/squareneo_solutions_gmbh-300x300.png","Product & Process Development","SquareNeo Solutions GmbH","https://www.squareneo.de/"
"https://www.stackable.tech/","https://ki-verband.de/wp-content/uploads/2025/11/stackable-300x300.png",",","Data & Analytics","https://www.stackable.tech/"
"https://www.stat-up.com/","https://ki-verband.de/wp-content/uploads/2025/11/statup-300x300.png","Consulting","STAT-UP Statistical Consulting & Data Science GmbH","https://www.stat-up.com/"
"https://www.statworx.com/de/","https://ki-verband.de/wp-content/uploads/2025/11/statworx-300x300.png",",","Consulting","https://www.statworx.com/de/"
"https://www.steen-digital.de/","https://ki-verband.de/wp-content/uploads/2026/04/Logos-Website-10-300x300.png","Product & Process Development","Steen Digital GmbH","https://www.steen-digital.de/"
"https://schottai.com/","https://ki-verband.de/wp-content/uploads/2025/11/stephan_schott-300x300.png","Consulting","Stephan Schott (Schott AI)","https://schottai.com/"
"https://www.subcapitals.com/","https://ki-verband.de/wp-content/uploads/2025/11/subcapitals-300x300.png","Finance & Insurance","Sub Capitals GmbH","https://www.subcapitals.com/"
"https://suhlingtooling.com/","https://ki-verband.de/wp-content/uploads/2026/03/Logos-Website-11-300x300.png","Product & Process Development","suhling tooling GmbH","https://suhlingtooling.com/"
"https://www.sulzer.de/","https://ki-verband.de/wp-content/uploads/2025/11/sulzer_gmbh-300x300.png",",","Consulting","https://www.sulzer.de/"
"https://supratix.com/","https://ki-verband.de/wp-content/uploads/2025/11/supratix_gmbh-300x90.png","Company Builder & Ökosystem","SupraTix GmbH","https://supratix.com/"
"https://www.surion-group.com/","https://ki-verband.de/wp-content/uploads/2025/11/surion_gmbh-300x103.png","Consulting","Surion GmbH","https://www.surion-group.com/"
"https://susiandjames.com/","https://ki-verband.de/wp-content/uploads/2025/11/susi_und_james-300x300.png","Customer Service","SUSI&James GmbH","https://susiandjames.com/"
"https://sygentiq.com/","https://ki-verband.de/wp-content/uploads/2026/03/Logos-Website-10-300x300.png","AI Techstack","SygentiQ GmbH","https://sygentiq.com/"
"https://www.symanto.com/","https://ki-verband.de/wp-content/uploads/2025/11/symanto-300x300.png",",","Customer Service","https://www.symanto.com/"
"https://symbiosika.de/","https://ki-verband.de/wp-content/uploads/2025/11/symbiosika_gmbh-300x300.png","IT & Security","Symbiosika GmbH","https://symbiosika.de/"
"https://www.synaos.com/","https://ki-verband.de/wp-content/uploads/2025/11/synaos-300x300.png",",","Logistics","https://www.synaos.com/"
"https://synthavo.eu/","https://ki-verband.de/wp-content/uploads/2025/11/synthavo-300x300.png","Manufacturing","synthavo GmbH","https://synthavo.eu/"
"https://syntik.de/","https://ki-verband.de/wp-content/uploads/2025/11/syntik_gmbh.png","Sonstiges","syntik GmbH","https://syntik.de/"
"http://www.systemhaus-ulm.de/","https://ki-verband.de/wp-content/uploads/2025/11/systemhaus_ulm_gmbh-300x300.png","IT & Security","Systemhaus Ulm GmbH","http://www.systemhaus-ulm.de/"
"https://tagaia.de/","https://ki-verband.de/wp-content/uploads/2025/11/tagaia_gmbh-300x300.png","AI Techstack","tagaia GmbH","https://tagaia.de/"
"https://taod.de/","https://ki-verband.de/wp-content/uploads/2025/11/taod-300x300.png","Consulting","taod Consulting GmbH","https://taod.de/"
"https://www.tchibo.de/","https://ki-verband.de/wp-content/uploads/2026/04/Logos-Website-14-300x300.png","Retail & Commerce","Tchibo GmbH","https://www.tchibo.de/"
"https://www.tedexa.de/","https://ki-verband.de/wp-content/uploads/2025/11/tedexa_gmbh-300x300.png","IT & Security","TEDEXA GmbH","https://www.tedexa.de/"
"https://tekkminds.com/","https://ki-verband.de/wp-content/uploads/2026/03/Logos-Website-20-300x300.png","IT & Security","TekkMinds AG","https://tekkminds.com/"
"https://teqyard.de/","https://ki-verband.de/wp-content/uploads/2025/11/teqard-300x300.png","Data & Analytics","TEQYARD GmbH","https://teqyard.de/"
"https://beeinnovations.ai/","https://ki-verband.de/wp-content/uploads/2025/11/testbee_gmbh-300x295.png","Consulting","testbee GmbH (vorher: BeeInnovations GmbH)","https://beeinnovations.ai/"
"https://www.textverstehen.eu/","https://ki-verband.de/wp-content/uploads/2025/11/textverstehen_gmbh-300x300.png","Data & Analytics","TextVerstehen GmbH","https://www.textverstehen.eu/"
"https://www.theaipeople.de/","https://ki-verband.de/wp-content/uploads/2025/11/the_ai_people-300x300.png","Consulting","The AI People UG (haftungsbeschränkt)","https://www.theaipeople.de/"
"https://www.thepeaklab.ai/","https://ki-verband.de/wp-content/uploads/2025/11/the_peak_lab-300x300.png","Product & Process Development","the peak lab.","https://www.thepeaklab.ai/"
"https://www.thinkowl.de/","https://ki-verband.de/wp-content/uploads/2025/11/thinkowl-300x300.png","Customer Service","ThinkOwl","https://www.thinkowl.de/"
"https://www.tiplu.de/","https://ki-verband.de/wp-content/uploads/2025/11/tiplu_gmbh-300x300.png","Healthcare & Life Sciences","Tiplu GmbH","https://www.tiplu.de/"
"https://www.tiq-solutions.de/","https://ki-verband.de/wp-content/uploads/2025/11/tiq.solutions-300x300.png","Data & Analytics","TIQ Solutions GmbH","https://www.tiq-solutions.de/"
"https://www.tisix.io/","https://ki-verband.de/wp-content/uploads/2025/11/tisix-300x300.png","Consulting","tisix.io GmbH","https://www.tisix.io/"
"https://www.tngtech.com/en.html","https://ki-verband.de/wp-content/uploads/2025/11/tngtech_gmbh-300x158.png","Consulting","TNG Technology Consulting GmbH","https://www.tngtech.com/en.html"
"https://toseo.app/","https://ki-verband.de/wp-content/uploads/2025/11/toseo-300x300.png","Product & Process Development","TOSEO (Tölle GmbH)","https://toseo.app/"
"https://www.tracebloc.io/","https://ki-verband.de/wp-content/uploads/2025/11/tracebloc-300x300.png","AI Techstack","Tracebloc GmbH","https://www.tracebloc.io/"
"https://www.trail-ml.com/","https://ki-verband.de/wp-content/uploads/2025/11/trail-300x300.png","AI Techstack","trail","https://www.trail-ml.com/"
"https://www.transline.de/","https://ki-verband.de/wp-content/uploads/2025/11/transline_deutschland-300x300.png","Sonstiges","Transline Deutschland","https://www.transline.de/"
"https://translogmarketing.de/","https://ki-verband.de/wp-content/uploads/2025/11/translog_marketing-300x81.png","HR & Recruiting","TransLog Marketing , Lucas Fischer","https://translogmarketing.de/"
"https://www.linkedin.com/in/reidandersoningermany/","https://ki-verband.de/wp-content/uploads/2025/11/trestle_group-300x300.png","Sales & Marketing","Trestle Innovation GmbH","https://www.linkedin.com/in/reidandersoningermany/"
"https://www.treviai.com/","https://ki-verband.de/wp-content/uploads/2025/11/treviai-300x300.png","AI Techstack","treviai","https://www.treviai.com/"
"https://www.trevisto.de/","https://ki-verband.de/wp-content/uploads/2025/11/trevisto-300x300.png","Consulting","Trevisto AG","https://www.trevisto.de/"
"https://www.tucan.ai/","https://ki-verband.de/wp-content/uploads/2025/11/tucan-300x300.png","Product & Process Development","Tucan.ai GmbH","https://www.tucan.ai/"
"https://www.tudock.de/","https://ki-verband.de/wp-content/uploads/2026/03/Logos-Website-50-300x300.png","Tudock GmbH","","https://www.tudock.de/"
"https://www.we-are-two.ai/","https://ki-verband.de/wp-content/uploads/2025/11/two_by_ad_artists_gmbh-300x300.png","HR & Recruiting","two by ad-artists GmbH","https://www.we-are-two.ai/"
"https://www.umyno.com/","https://ki-verband.de/wp-content/uploads/2025/11/umyno_solutions_gmbh-300x300.png","Product & Process Development","UMYNO Solutions GmbH","https://www.umyno.com/"
"https://www.unatech.de/","https://ki-verband.de/wp-content/uploads/2026/03/Logo_Unatech-GmbH-300x282.png","Data & Analytics","Unatech GmbH","https://www.unatech.de/"
"https://marketing-ki.de/","https://ki-verband.de/wp-content/uploads/2026/03/Logos-Website-5-300x300.png","Consulting","uncanny minds GmbH","https://marketing-ki.de/"
"https://understand.ai/","https://ki-verband.de/wp-content/uploads/2025/11/understand_ai_gmbh.png",",","Data & Analytics","https://understand.ai/"
"https://unetiq.com/","https://ki-verband.de/wp-content/uploads/2025/11/unetiq-300x114.png","Product & Process Development","Unetiq GmbH","https://unetiq.com/"
"https://www.univere.de/","https://ki-verband.de/wp-content/uploads/2025/11/univere_ug_(haftungsbeschraenkt)-300x300.png","AI Techstack","Univere UG (haftungsbeschränkt)","https://www.univere.de/"
"https://www.upstart.de/","https://ki-verband.de/wp-content/uploads/2025/11/upstart_gmbh-300x300.png","Company Builder & Ökosystem","UPSTART GmbH","https://www.upstart.de/"
"https://uxuix.de/","https://ki-verband.de/wp-content/uploads/2025/11/uxuix_gmbh-300x300.png","AI Techstack","UXUIX Gmbh","https://uxuix.de/"
"https://v4-visions.de/","https://ki-verband.de/wp-content/uploads/2025/11/v4_visions_gmbh-300x276.jpg","Sales & Marketing","V4 Visions GmbH","https://v4-visions.de/"
"https://www.vago-solutions.ai/","https://ki-verband.de/wp-content/uploads/2025/11/vago_solutions-300x300.png","AI Techstack","VAGO Solutions","https://www.vago-solutions.ai/"
"http://valculus.com/home/","https://ki-verband.de/wp-content/uploads/2025/11/valculus_neu-300x300.png","Data & Analytics","Valculus GmbH","http://valculus.com/home/"
"https://visual-abstract.com/","https://ki-verband.de/wp-content/uploads/2025/11/vavisual_abstract_gmbh-300x300.png","Healthcare & Life Sciences","VAVisual Abstract GmbH","https://visual-abstract.com/"
"https://www.vectorai.de/","https://ki-verband.de/wp-content/uploads/2025/11/vector_ai-300x300.png","IT & Security","Vector AI UG (haftungsbeschränkt)","https://www.vectorai.de/"
"https://www.synpli.de/","https://ki-verband.de/wp-content/uploads/2025/11/veigel-300x300.png","Transport & Mobility","Veigel GmbH+Co.KG / SYNPLI","https://www.synpli.de/"
"https://www.rightminded.ai/","https://ki-verband.de/wp-content/uploads/2025/11/rightminded_ai-300x300.png","Consulting","Verdas AI","https://www.rightminded.ai/"
"https://www.vernaio.com/","https://ki-verband.de/wp-content/uploads/2025/11/vernaio_gmbh-300x300.png","Manufacturing","Vernaio","https://www.vernaio.com/"
"https://www.vidlab7.com/","https://ki-verband.de/wp-content/uploads/2025/11/vidlab7_gmbh-300x300.png","Sales & Marketing","VidLab7 GmbH","https://www.vidlab7.com/"
"https://www.vier.ai/","https://ki-verband.de/wp-content/uploads/2025/11/vier_gmbh-300x300.png","AI Techstack","VIER GmbH","https://www.vier.ai/"
"https://www.viind.com/","https://ki-verband.de/wp-content/uploads/2025/11/viind-300x300.png","Product & Process Development","viind GmbH","https://www.viind.com/"
"","","Consulting","Virtualix GmbH","https://www.virtualix.de/"
"https://www.vischeck.de/","https://ki-verband.de/wp-content/uploads/2025/11/vischeck_gmbh-300x57.png",",","Data & Analytics","https://www.vischeck.de/"
"https://www.visualmakers.de/","https://ki-verband.de/wp-content/uploads/2025/11/visualmakers_gmbh-300x300.png","IT & Security","VisualMakers Gmbh","https://www.visualmakers.de/"
"https://www.vitas.ai/","https://ki-verband.de/wp-content/uploads/2025/11/vitas-300x300.png","Customer Service","VITAS GmbH","https://www.vitas.ai/"
"https://www.voiceagenten.com/","https://ki-verband.de/wp-content/uploads/2025/11/voiceagenten-300x300.png","Media, Communication & Culture","Voiceagenten e.K.","https://www.voiceagenten.com/"
"https://getvoiceline.com/","https://ki-verband.de/wp-content/uploads/2025/11/voiceline_gmbh-300x300.png","Sales & Marketing","VoiceLine GmbH","https://getvoiceline.com/"
"https://voiceline.ai/","https://ki-verband.de/wp-content/uploads/2026/03/voice-line-300x300.png","AI Techstack","VoiceLine GmbH","https://voiceline.ai/"
"https://voltaic.systems/","https://ki-verband.de/wp-content/uploads/2025/11/voltaic_systems-300x300.png","Data & Analytics","voltAIc Systems","https://voltaic.systems/"
"https://www.vonuebermorgen.de/","https://ki-verband.de/wp-content/uploads/2025/11/vonuebermorgen_gmbh-300x300.png","Consulting","von Übermorgen GmbH","https://www.vonuebermorgen.de/"
"https://vtmw.com/","https://ki-verband.de/wp-content/uploads/2025/11/vtmw-300x300.png","Consulting","vtmw AG","https://vtmw.com/"
"https://www.yesterday-ai.de/","https://ki-verband.de/wp-content/uploads/2026/03/Logos-Website-36-300x300.png","Product & Process Development","Wach & Wegener UG","https://www.yesterday-ai.de/"
"https://www.web-computing.de/","https://ki-verband.de/wp-content/uploads/2025/11/web_computing_gmbh-300x293.png","IT & Security","Web Computing GmbH","https://www.web-computing.de/"
"https://www.weber-ai.com/","https://ki-verband.de/wp-content/uploads/2025/11/weber_ai_solutions-300x300.png","Consulting","Weber AI Solutions","https://www.weber-ai.com/"
"https://weyer-data-engineering.com/","https://ki-verband.de/wp-content/uploads/2025/11/KI-BV","Sonstiges","weyer data engineering gmbh","https://weyer-data-engineering.com/"
"https://www.widhold.de/","https://ki-verband.de/wp-content/uploads/2025/11/widhold_analytics-300x300.png","Consulting","Widhold Analytics GmbH","https://www.widhold.de/"
"https://wingman-ais.de/","https://ki-verband.de/wp-content/uploads/2026/03/Logos-Website-1-300x300.png","Consulting","Wingman AIS GmbH","https://wingman-ais.de/"
"https://wiseadvice.eu/#company","https://ki-verband.de/wp-content/uploads/2026/03/Logos-Website-17-300x300.png","AI Techstack","wiseadvice GmbH & Co. KG","https://wiseadvice.eu/#company"
"https://de.wooms.io/","https://ki-verband.de/wp-content/uploads/2026/03/Logos-Website-18-300x300.png","Logistics","wooms WMS GmbH","https://de.wooms.io/"
"https://workist.com/","https://ki-verband.de/wp-content/uploads/2025/11/workist-300x300.png","Sales & Marketing","Workist GmbH","https://workist.com/"
"https://wts.com/de-de/aiplatform#Intro","https://ki-verband.de/wp-content/uploads/2025/11/wts_psp_ai_gmbh-300x300.png","Consulting","WTS PSP AI GmbH","https://wts.com/de-de/aiplatform#Intro"
"https://www.x-integrate.com/","https://ki-verband.de/wp-content/uploads/2025/11/x_integrate_software_und_consulting_gmbh-300x300.png","IT & Security","X-INTEGRATE Software & Consulting GmbH","https://www.x-integrate.com/"
"https://xayn.com/","https://ki-verband.de/wp-content/uploads/2025/11/xayn-300x300.png","IT & Security","Xayn","https://xayn.com/"
"https://xelonic.com/de","https://ki-verband.de/wp-content/uploads/2026/04/Logos-Website-7-300x300.png","Data & Analytics","xelonic technology GmbH","https://xelonic.com/de"
"https://xpertim.com/en/","https://ki-verband.de/wp-content/uploads/2025/11/xpertim-300x300.png","Consulting","Xpertim GmbH","https://xpertim.com/en/"
"https://yasp.ai/","https://ki-verband.de/wp-content/uploads/2026/03/Logos-Website-28-300x300.png","AI Techstack","yasp.ai GmbH","https://yasp.ai/"
"https://bestcase.work/","https://ki-verband.de/wp-content/uploads/2025/11/bestcase-300x300.png","Product & Process Development","Zero Workarounds Solutions GmbH","https://bestcase.work/"
"https://www.german.ai/","https://ki-verband.de/wp-content/uploads/2025/11/zive-300x300.png","Company Builder & Ökosystem","Zive GmbH","https://www.german.ai/"